"BSPretty","BIgoal","Prob","Response","Est","BIthreshold","n_AgreePass.cal","n_AgreePass.val","n_AgreeFail.cal","n_AgreeFail.val","n_Disgree_FailBI.cal","n_Disgree_FailBI.val","n_Disgree_FailBS.cal","n_Disgree_FailBS.val","RR.est.cal","RR.est.val","RR.l95.cal","RR.l95.val","RR.u95.cal","RR.u95.val","l95","u95"
"Total N","Ref30","p50","ASCI_D",0.576576576576577,0.910851912839633,387,119,150,44,175,58,20,7,2.83361344537815,2.63286004056795,2.47642889990555,2.07471759219437,3.24231604555014,3.34115448738629,0.492492492492492,0.6996996996997
"Total N","Ref30","p50","ASCI_H",0.477477477477477,0.931827933347955,408,122,171,54,134,51,19,1,3.64029850746269,3.33048128342246,3.11927863007934,2.63620809529024,4.24834546540589,4.20759863344783,0.417417417417417,0.558558558558559
"Total N","Ref30","p50","ASCI_S",1.14714714714715,0.926583928220874,395,125,96,35,235,65,6,3,2.52315394242803,2.69230769230769,2.25504565489658,2.16380500000759,2.82313832687441,3.34989553588875,0.924924924924925,1.52852852852853
"Total N","Ref30","p50","CSCI",1.69369369369369,0.92,626,185,120,35,430,166,8,3,2.30232558139535,1.94752694990488,2.11374925178956,1.68529009449477,2.5077255867789,2.25056874955576,1.37237237237237,2.23123123123123
"Total N","Ref30","p80","ASCI_D",0.252252252252252,0.910851912839633,337,106,207,60,118,42,70,20,2.88150890289421,2.64285714285714,2.4314493634103,1.98521371503354,3.41487414149264,3.51835866569812,0.195195195195195,0.312312312312312
"Total N","Ref30","p80","ASCI_H",0.228228228228228,0.931827933347955,355,107,219,71,86,34,72,16,3.85914648765284,3.38438133874239,3.15682499964671,2.4822177872983,4.7177184718285,4.61443677691737,0.183183183183183,0.27027027027027
"Total N","Ref30","p80","ASCI_S",0.465465465465465,0.926583928220874,367,119,158,46,173,54,34,9,2.56864161849711,2.67946127946128,2.23448406405253,2.08520774229521,2.95277100894121,3.44306833439516,0.339339339339339,0.624624624624625
"Total N","Ref30","p80","CSCI",0.66966966966967,0.92,611,180,189,63,361,138,23,8,2.40040767260754,2.04470300061237,2.18428824175029,1.75880713938243,2.63791054888252,2.37707152029257,0.504504504504504,0.885885885885886
"Total N","Ref30","p90","ASCI_D",0.135135135135135,0.910851912839633,248,79,247,71,78,31,159,47,2.54269293924466,2.13504647348278,2.06344899041863,1.53000698430987,3.13324313482206,2.97934812760831,0.0660660660660661,0.192192192192192
"Total N","Ref30","p90","ASCI_H",0.126126126126126,0.931827933347955,260,86,259,86,46,19,167,37,4.04439681567667,3.86392811296534,3.06506246604589,2.52850917924325,5.33664347263932,5.90464159067528,0.0750750750750751,0.171171171171171
"Total N","Ref30","p90","ASCI_S",0.24024024024024,0.926583928220874,317,105,202,60,129,40,84,23,2.44191467447281,2.62048192771084,2.07324098993583,1.94890427024646,2.87614768681099,3.5234801617992,0.102102102102102,0.366366366366366
"Total N","Ref30","p90","CSCI",0.339339339339339,0.92,568,176,274,82,276,119,66,12,2.46436487638534,2.16252458430181,2.20767652474372,1.8444875846544,2.75089859220509,2.53539932532858,0.177177177177177,0.504504504504504
"Total N","Ref30","p95","ASCI_D",0.0690690690690691,0.910851912839633,125,40,283,92,42,10,282,86,1.99161399072903,2.58426966292135,1.51356344850365,1.45632479380027,2.62065412057159,4.5858243429807,-Inf,0.132132132132132
"Total N","Ref30","p95","ASCI_H",0.0690690690690691,0.931827933347955,140,41,278,96,27,9,287,82,3.04333005571944,2.99625468164794,2.13258007600886,1.63075042168488,4.34302933439146,5.50516007717581,0.00600600600600601,0.117117117117117
"Total N","Ref30","p95","ASCI_S",0.123123123123123,0.926583928220874,217,74,250,72,81,28,184,54,2.11924674290266,2.08163265306122,1.73033710741209,1.46598366973161,2.59556749841689,2.9558272658549,-Inf,0.249249249249249
"Total N","Ref30","p95","CSCI",0.171171171171171,0.92,456,149,357,123,193,78,178,39,2.24389133698126,2.20963912630579,1.96525619593883,1.80933430949248,2.56203152677213,2.69850908308425,-Inf,0.327327327327327
"Total N","Ref10","p50","ASCI_D",1.56156156156156,0.782136233857418,553,171,77,18,91,32,11,7,6.19230769230769,4.5675,5.03819592855263,3.05563459868773,7.61079463760129,6.82740542961498,1.33033033033033,1.89489489489489
"Total N","Ref10","p50","ASCI_H",0.924924924924925,0.833398296479202,528,164,108,33,82,23,14,8,6.58536585365854,6.5440084835631,5.3304958946457,4.33324380104101,8.13564896843698,9.88267658114638,0.807807807807808,1.09009009009009
"Total N","Ref10","p50","ASCI_S",Inf,0.820582780823756,551,162,0,0,181,66,0,0,NA,NA,NA,NA,NA,NA,2.48948948948949,Inf
"Total N","Ref10","p50","CSCI",2.51651651651652,0.79,792,262,84,23,292,99,16,5,3.11835616438356,2.99531024531025,2.73775888172739,2.35357147622973,3.55186325313408,3.81202931641274,2.0960960960961,Inf
"Total N","Ref10","p80","ASCI_D",0.834834834834835,0.782136233857418,541,162,102,26,66,24,23,16,7.50472727272727,4.79761904761905,5.88772610461618,3.0795225063818,9.56582056251886,7.474258908119,0.690690690690691,1.01201201201201
"Total N","Ref10","p80","ASCI_H",0.510510510510511,0.833398296479202,501,161,139,41,51,15,41,11,8.35816993464052,9.25128205128205,6.35864665693302,5.58217771311895,10.9864580350851,15.332048528522,0.432432432432432,0.600600600600601
"Total N","Ref10","p80","ASCI_S",1.43543543543544,0.820582780823756,530,156,71,22,110,44,21,6,4.4901185770751,3.57142857142857,3.66412539051171,2.57904620236194,5.50231301810863,4.94566635880154,1.12612612612613,1.85585585585586
"Total N","Ref10","p80","CSCI",1.10510510510511,0.79,778,250,126,42,250,80,30,17,3.32123076923077,2.9364406779661,2.9096187656252,2.28510848256423,3.79107185889867,3.77342429079695,0.885885885885886,1.3963963963964
"Total N","Ref10","p90","ASCI_D",0.504504504504504,0.782136233857418,511,159,127,33,41,17,53,19,9.49918699186992,6.57013574660633,6.97083910059057,3.99393723182845,12.9445755675046,10.808052611551,0.366366366366366,0.645645645645646
"Total N","Ref10","p90","ASCI_H",0.318318318318318,0.833398296479202,467,148,160,50,30,6,75,24,11.2794326241135,17.3423423423423,7.88522588475675,7.77765963926763,16.1346805001313,38.6693236613939,0.237237237237237,0.393393393393393
"Total N","Ref10","p90","ASCI_S",0.801801801801802,0.820582780823756,510,150,89,31,92,35,41,12,4.47976588628763,3.81063122923588,3.58977770762175,2.67912903060725,5.59040253476913,5.42001157814203,0.519519519519519,1.10810810810811
"Total N","Ref10","p90","CSCI",0.591591591591592,0.79,753,247,174,53,202,69,55,20,3.59224350382637,3.32499503672821,3.11506163985535,2.58416177124246,4.14252264728282,4.27821203660625,0.393393393393393,0.807807807807808
"Total N","Ref10","p95","ASCI_D",0.288288288288288,0.782136233857418,460,139,147,40,21,10,104,39,13.4143426294821,7.54430379746835,8.71479096280238,3.98440024460917,20.6481818036948,14.2848399493757,0.135135135135135,0.423423423423423
"Total N","Ref10","p95","ASCI_H",0.186186186186186,0.833398296479202,384,126,173,51,17,5,158,46,12.3285942775902,13.7752577319588,7.65350071135183,5.70175519268356,19.8594398294088,33.2805810087015,0.0900900900900901,0.264264264264264
"Total N","Ref10","p95","ASCI_S",0.429429429429429,0.820582780823756,465,146,115,39,66,27,86,16,4.60312075983718,4.54343434343434,3.56475722124518,3.08695506094795,5.94394496302968,6.68710597515456,0.123123123123123,0.714714714714715
"Total N","Ref10","p95","CSCI",0.309309309309309,0.79,688,233,234,70,142,52,120,34,3.86369061828599,3.68897928994083,3.2682428738562,2.78738299141125,4.56762418523,4.88220249730459,0.0930930930930931,0.507507507507508
"Total N","Ref01","p50","ASCI_D",Inf,0.604520861413057,680,209,0,0,52,19,0,0,NA,NA,NA,NA,NA,NA,Inf,Inf
"Total N","Ref01","p50","ASCI_H",Inf,0.697574776374691,638,204,0,0,94,24,0,0,NA,NA,NA,NA,NA,NA,Inf,Inf
"Total N","Ref01","p50","ASCI_S",Inf,0.674311297634282,642,197,0,0,90,31,0,0,NA,NA,NA,NA,NA,NA,Inf,Inf
"Total N","Ref01","p50","CSCI",Inf,0.63,976,312,0,0,208,77,0,0,NA,NA,NA,NA,NA,NA,Inf,Inf
"Total N","Ref01","p80","ASCI_D",Inf,0.604520861413057,680,209,0,0,52,19,0,0,NA,NA,NA,NA,NA,NA,Inf,Inf
"Total N","Ref01","p80","ASCI_H",2.60960960960961,0.697574776374691,621,199,45,12,49,12,17,5,9.92429229756419,12.4117647058824,7.2777477106387,6.60561448191349,13.533249780494,23.3213584498443,2.15615615615616,Inf
"Total N","Ref01","p80","ASCI_S",Inf,0.674311297634282,642,197,0,0,90,31,0,0,NA,NA,NA,NA,NA,NA,2.64264264264264,Inf
"Total N","Ref01","p80","CSCI",Inf,0.63,976,312,0,0,208,77,0,0,NA,NA,NA,NA,NA,NA,2.73873873873874,Inf
"Total N","Ref01","p90","ASCI_D",Inf,0.604520861413057,680,209,0,0,52,19,0,0,NA,NA,NA,NA,NA,NA,Inf,Inf
"Total N","Ref01","p90","ASCI_H",1.66966966966967,0.697574776374691,604,193,53,13,41,11,34,11,9.58368376787216,10.0454545454545,6.81514537224359,5.06878918115423,13.4768944088334,19.9083357816461,1.26126126126126,2.12012012012012
"Total N","Ref01","p90","ASCI_S",2.02702702702703,0.674311297634282,610,186,41,10,49,21,32,11,7.55353648308639,4.69387755102041,5.39073152059416,2.56072352287995,10.5840762396248,8.60400830746235,1.4984984984985,2.64264264264264
"Total N","Ref01","p90","CSCI",1.94594594594595,0.63,922,297,61,18,147,59,54,15,3.85737947352854,3.29121725731895,3.0698119393057,2.2294409608883,4.84699932666383,4.85866691466821,1.43243243243243,2.57057057057057
"Total N","Ref01","p95","ASCI_D",2.98798798798799,0.604520861413057,641,204,19,10,33,9,39,5,6.69070010449321,15.7777777777778,4.07036154976864,7.57077251390667,10.997909483203,32.8814887975654,1.8018018018018,Inf
"Total N","Ref01","p95","ASCI_H",1.00600600600601,0.697574776374691,587,181,60,17,34,7,51,23,9.87281399046105,11.4142857142857,6.82409516407653,5.06187562675058,14.2835722167766,25.7386644742559,0.576576576576577,1.41741741741742
"Total N","Ref01","p95","ASCI_S",1.19219219219219,0.674311297634282,591,176,50,16,40,15,51,21,7.80940594059406,5.50630630630631,5.45359540268372,2.98746838506991,11.1828649985612,10.1488635964792,0.636636636636637,1.72672672672673
"Total N","Ref01","p95","CSCI",1.06906906906907,0.63,901,282,85,29,123,48,75,30,4.42276422764228,3.37923728813559,3.54689097852506,2.33670240072667,5.51492660240896,4.88690585757726,0.54954954954955,1.59159159159159
"Total N","BCG3","p50","ASCI_D",0.567567567567568,0.95,337,99,154,47,224,78,17,4,2.25548245614035,2.09125188536953,2.01421661910148,1.73860633062146,2.52564747093898,2.51542535595069,0.474474474474474,0.714714714714715
"Total N","BCG3","p50","ASCI_H",0.39039039039039,0.97,354,107,194,57,169,63,15,1,2.87256872681974,2.65188834154351,2.52307307347566,2.17273351168726,3.2704764586686,3.23671160691641,0.339339339339339,0.459459459459459
"Total N","BCG3","p50","ASCI_S",2.83783783783784,0.86,489,153,50,14,182,58,11,3,3.02197802197802,2.99594320486815,2.54672489735453,2.19463400603794,3.58591977280493,4.08982803606502,2.27927927927928,Inf
"Total N","BCG3","p50","CSCI",2.10810810810811,0.825,757,243,99,25,315,114,13,7,3.00816326530612,2.44654605263158,2.68252422345936,1.92816710685376,3.37333253194919,3.10428881727684,1.75075075075075,2.66366366366366
"Total N","BCG3","p80","ASCI_D",0.231231231231231,0.95,286,89,222,73,156,52,68,14,2.16896551724138,2.27519893899204,1.88280696434804,1.79826397042979,2.49861589852954,2.8786264403403,0.165165165165165,0.297297297297297
"Total N","BCG3","p80","ASCI_H",0.171171171171171,0.97,280,86,260,83,103,37,89,22,2.77018944557265,2.62779922779923,2.3224710150743,1.9712240251349,3.30421758314886,3.50306646711536,0.129129129129129,0.21021021021021
"Total N","BCG3","p80","ASCI_S",1.24324324324324,0.86,480,148,80,27,152,45,20,8,3.32631578947368,3.30857142857143,2.80681145667419,2.41767625152428,3.94197362455267,4.52775465327817,0.93993993993994,1.66066066066066
"Total N","BCG3","p80","CSCI",0.906906906906907,0.825,740,236,147,47,267,92,30,14,3.1322922617914,2.74697077690663,2.77106271583935,2.20186187387692,3.54061088448029,3.42703079548431,0.717717717717718,1.15015015015015
"Total N","BCG3","p90","ASCI_D",0.117117117117117,0.95,192,63,287,91,91,34,162,40,1.98783621723488,1.98181409968568,1.65528982911849,1.47645937260709,2.38719090580954,2.66013897746318,0.039039039039039,0.183183183183183
"Total N","BCG3","p90","ASCI_H",0.0900900900900901,0.97,174,58,307,103,56,17,195,50,2.51173875924872,2.97001153402537,1.97897102149826,1.92562885354961,3.18793530889399,4.58082485416834,0.042042042042042,0.132132132132132
"Total N","BCG3","p90","ASCI_S",0.663663663663664,0.86,458,141,109,34,123,38,42,15,3.40973456092177,3.26852846401719,2.83197804270277,2.32945829944761,4.10536014073348,4.58616422651734,0.381381381381381,0.966966966966967
"Total N","BCG3","p90","CSCI",0.48048048048048,0.825,711,229,211,62,203,77,59,21,3.51859149790184,2.96854952276639,3.06871576617393,2.35734107532276,4.03441930516201,3.73823133248124,0.306306306306306,0.660660660660661
"Total N","BCG3","p95","ASCI_D",0.0600600600600601,0.95,88,25,332,115,46,10,266,78,1.61727497455286,2.08549222797927,1.26572900843344,1.21807357781996,2.06645998147121,3.57061996266766,-Inf,0.126126126126126
"Total N","BCG3","p95","ASCI_H",0.048048048048048,0.97,75,22,336,115,27,5,294,86,2.01481481481481,3.08955223880597,1.44587270894054,1.38551684322105,2.80763217459981,6.88936629172981,-Inf,0.0900900900900901
"Total N","BCG3","p95","ASCI_S",0.345345345345345,0.86,417,133,143,43,89,29,83,23,3.59739484935866,3.63949843260188,2.90637342258201,2.50180545710082,4.45271402554157,5.29455589894724,0.033033033033033,0.627627627627628
"Total N","BCG3","p95","CSCI",0.249249249249249,0.825,625,215,269,80,145,59,145,35,3.45044144594369,3.23065585851142,2.93183396982564,2.49934212828917,4.06078457866905,4.17595380720386,0.0600600600600601,0.42042042042042
"Total N","BCG4","p50","ASCI_D",Inf,0.54,699,213,0,0,33,15,0,0,NA,NA,NA,NA,NA,NA,Inf,Inf
"Total N","BCG4","p50","ASCI_H",Inf,0.67,654,206,0,0,78,22,0,0,NA,NA,NA,NA,NA,NA,Inf,Inf
"Total N","BCG4","p50","ASCI_S",Inf,0.36,725,224,0,0,7,4,0,0,NA,NA,NA,NA,NA,NA,Inf,Inf
"Total N","BCG4","p50","CSCI",Inf,0.625,979,315,0,0,205,74,0,0,NA,NA,NA,NA,NA,NA,Inf,Inf
"Total N","BCG4","p80","ASCI_D",Inf,0.54,699,213,0,0,33,15,0,0,NA,NA,NA,NA,NA,NA,Inf,Inf
"Total N","BCG4","p80","ASCI_H",Inf,0.67,654,206,0,0,78,22,0,0,NA,NA,NA,NA,NA,NA,2.77477477477477,Inf
"Total N","BCG4","p80","ASCI_S",Inf,0.36,725,224,0,0,7,4,0,0,NA,NA,NA,NA,NA,NA,Inf,Inf
"Total N","BCG4","p80","CSCI",Inf,0.625,979,315,0,0,205,74,0,0,NA,NA,NA,NA,NA,NA,2.75975975975976,Inf
"Total N","BCG4","p90","ASCI_D",Inf,0.54,699,213,0,0,33,15,0,0,NA,NA,NA,NA,NA,NA,Inf,Inf
"Total N","BCG4","p90","ASCI_H",2.1951951951952,0.67,624,199,42,13,36,9,30,7,10.6944444444444,15.0222222222222,7.36432296933751,7.33432730325588,15.5304353776322,30.7686241918394,1.67867867867868,2.77777777777778
"Total N","BCG4","p90","ASCI_S",Inf,0.36,725,224,0,0,7,4,0,0,NA,NA,NA,NA,NA,NA,Inf,Inf
"Total N","BCG4","p90","CSCI",1.96396396396396,0.625,925,300,61,18,144,56,54,15,3.93774154589372,3.46753246753247,3.13003977414878,2.33841460881517,4.95386947166647,5.14185182048791,1.45045045045045,2.59159159159159
"Total N","BCG4","p95","ASCI_D",Inf,0.54,699,213,0,0,33,15,0,0,NA,NA,NA,NA,NA,NA,Inf,Inf
"Total N","BCG4","p95","ASCI_H",1.35135135135135,0.67,607,192,48,15,30,7,47,14,10.7284210526316,14.7044334975369,7.17506259595369,6.5418449597076,16.0415350728031,33.0518937417849,0.810810810810811,1.87087087087087
"Total N","BCG4","p95","ASCI_S",Inf,0.36,725,224,0,0,7,4,0,0,NA,NA,NA,NA,NA,NA,Inf,Inf
"Total N","BCG4","p95","CSCI",1.08108108108108,0.625,906,285,84,29,121,45,73,30,4.5411380744328,3.6045197740113,3.63683352111024,2.47465056310722,5.67029942156051,5.25026159043834,0.561561561561562,1.6036036036036
"Total P","Ref30","p50","ASCI_D",0.136636636636637,0.910851912839633,393,123,102,25,223,77,14,3,2.42894696149683,2.3191094619666,2.14412427140784,1.86558770381779,2.75160512869474,2.88288172439001,0.112612612612613,0.175675675675676
"Total P","Ref30","p50","ASCI_H",0.114114114114114,0.931827933347955,409,122,116,31,189,74,18,1,2.73900339571981,2.56587837837838,2.39178568606045,2.12051588635294,3.13662701699731,3.10477836784943,0.0960960960960961,0.13963963963964
"Total P","Ref30","p50","ASCI_S",0.279279279279279,0.926583928220874,394,126,59,12,272,88,7,2,2.18883689839572,2.08441558441558,1.93431260510134,1.59461024308684,2.47685247727969,2.72467102691121,0.214714714714715,0.406906906906907
"Total P","Ref30","p50","CSCI",0.115615615615616,0.92,615,184,166,47,384,154,19,4,2.334375,2.0226636108989,2.12829068465859,1.75566583449766,2.56041464631941,2.33026581850936,0.0990990990990991,0.141141141141141
"Total P","Ref30","p80","ASCI_D",0.0570570570570571,0.910851912839633,359,106,166,38,159,64,48,20,2.52712631517075,1.74030172413793,2.17902536064908,1.32924132517318,2.9308366612705,2.2784802380733,0.042042042042042,0.0735735735735736
"Total P","Ref30","p80","ASCI_H",0.0495495495495495,0.931827933347955,369,106,170,48,135,57,58,17,2.78362573099415,2.11174089068826,2.36458872660136,1.63636483285817,3.27692174249253,2.7252172008706,0.039039039039039,0.0615615615615616
"Total P","Ref30","p80","ASCI_S",0.10960960960961,0.926583928220874,375,123,113,27,218,73,26,5,2.21137218665435,2.26541095890411,1.93716770783985,1.78993099390405,2.52439008151828,2.86719813791769,0.0765765765765766,0.157657657657658
"Total P","Ref30","p80","CSCI",0.0465465465465465,0.92,552,160,265,76,285,125,82,28,2.242833308054,1.66615384615385,2.0071600965853,1.39740629691519,2.50617838421274,1.98658661062391,0.0375375375375375,0.0585585585585586
"Total P","Ref30","p90","ASCI_D",0.0285285285285285,0.910851912839633,277,84,220,67,105,35,130,42,2.28680272108844,2.08990825688073,1.90661774813188,1.52330618582861,2.74279765322722,2.86726106859628,0.012012012012012,0.0435435435435435
"Total P","Ref30","p90","ASCI_H",0.0255255255255255,0.931827933347955,270,83,226,80,79,25,157,40,2.60680173183065,2.88,2.110287225728,1.99529967037044,3.2201376126565,4.15696956360449,0.0135135135135135,0.0375375375375375
"Total P","Ref30","p90","ASCI_S",0.0555555555555556,0.926583928220874,339,105,154,37,177,63,62,23,2.07846829880728,1.64444444444444,1.7953152536245,1.24317344400458,2.40627959932123,2.1752375293292,0.0225225225225225,0.0900900900900901
"Total P","Ref30","p90","CSCI",0.024024024024024,0.92,421,122,371,120,179,81,213,66,2.12940996403153,1.61688570290721,1.85622946583851,1.32391367857898,2.44279431954198,1.97469020719827,0.012012012012012,0.0345345345345345
"Total P","Ref30","p95","ASCI_D",0.015015015015015,0.910851912839633,156,42,271,88,54,14,251,84,2.01894423158791,2.04651162790698,1.58114729755439,1.26937694084361,2.57796083677137,3.2994217150148,-Inf,0.03003003003003
"Total P","Ref30","p95","ASCI_H",0.0135135135135135,0.931827933347955,145,36,267,94,38,11,282,87,2.34210526315789,2.21898543445505,1.74204780738454,1.29695963031751,3.14885564016042,3.79649161255561,-Inf,0.0255255255255255
"Total P","Ref30","p95","ASCI_S",0.0285285285285285,0.926583928220874,255,80,204,61,127,39,146,48,1.75316085489314,1.70759821218537,1.482655314048,1.25596118637471,2.07301923380833,2.32164153310763,-Inf,0.0600600600600601
"Total P","Ref30","p95","CSCI",0.012012012012012,0.92,248,60,446,161,104,40,386,128,1.81434911242604,1.39273356401384,1.52560514892355,1.07229442361487,2.1577422599051,1.80893114578703,-Inf,0.0225225225225225
"Total P","Ref10","p50","ASCI_D",0.346846846846847,0.782136233857418,555,173,47,8,121,42,9,5,4.68890200708383,3.15018315018315,3.84614567436616,1.89293456766377,5.71632067359435,5.24247063222342,0.285285285285285,0.45045045045045
"Total P","Ref10","p50","ASCI_H",0.295795795795796,0.833398296479202,531,171,54,13,136,43,11,1,4.07443438914027,4.62126245847176,3.3831071933045,3.40713958581516,4.90703209885394,6.26803398340106,0.243243243243243,0.382882882882883
"Total P","Ref10","p50","ASCI_S",0.773273273273273,0.820582780823756,545,160,26,0,155,66,6,2,3.66935483870968,0,2.95375113548462,NA,4.55832746727089,NA,0.594594594594595,1.11411411411411
"Total P","Ref10","p50","CSCI",0.453453453453453,0.79,798,261,53,11,323,111,10,6,2.91970121381886,2.16852146263911,2.53476910685669,1.4761627561204,3.36308942495617,3.18561440087093,0.363363363363363,0.608108108108108
"Total P","Ref10","p80","ASCI_D",0.172672672672673,0.782136233857418,538,170,70,16,98,34,26,8,4.73214285714286,4,3.80034035927043,2.63273378909929,5.89241328497932,6.07733302404035,0.138138138138138,0.220720720720721
"Total P","Ref10","p80","ASCI_H",0.141141141141141,0.833398296479202,514,168,84,23,106,33,28,4,4.38679245283019,5.18855218855219,3.57798417914447,3.65590660744203,5.37843295573468,7.36372033096488,0.112612612612613,0.181681681681682
"Total P","Ref10","p80","ASCI_S",0.34984984984985,0.820582780823756,533,157,37,8,144,58,18,5,3.16275252525253,2.28116710875332,2.50127838835845,1.40617349722531,3.99915642438987,3.70062683468723,0.25975975975976,0.5
"Total P","Ref10","p80","CSCI",0.195195195195195,0.79,786,258,97,24,279,98,22,9,3.11150266558236,2.64192949907236,2.72597449851565,2.01924206637272,3.55155517529525,3.4566392976385,0.151651651651652,0.25975975975976
"Total P","Ref10","p90","ASCI_D",0.0990990990990991,0.782136233857418,518,165,102,21,66,29,46,13,6.0982800982801,4.13184584178499,4.74066264585188,2.69247442828878,7.84468816603515,6.3406916258537,0.0675675675675676,0.133633633633634
"Total P","Ref10","p90","ASCI_H",0.0795795795795796,0.833398296479202,493,161,119,29,71,27,49,11,5.62676056338028,5.04814814814815,4.43369765306949,3.38825077120635,7.1408645593352,7.52122597955709,0.0525525525525526,0.108108108108108
"Total P","Ref10","p90","ASCI_S",0.190690690690691,0.820582780823756,515,154,54,14,127,52,36,8,3.03307086614173,2.52097902097902,2.41044551527438,1.69905969171626,3.81652222410452,3.74050144041536,0.117117117117117,0.285285285285285
"Total P","Ref10","p90","CSCI",0.103603603603604,0.79,765,253,160,37,216,85,43,14,3.57963875205255,2.88489042675894,3.11905142759713,2.24680210242477,4.10824056372417,3.70419484894711,0.0660660660660661,0.145645645645646
"Total P","Ref10","p95","ASCI_D",0.0540540540540541,0.782136233857418,470,145,125,28,43,22,94,33,6.80949346925773,3.48435171385991,5.00192743144971,2.16413660521746,9.27026670085545,5.60995402813703,0.0195195195195195,0.0855855855855856
"Total P","Ref10","p95","ASCI_H",0.0435435435435435,0.833398296479202,433,136,141,41,49,15,109,36,5.54791836734694,5.36017316017316,4.16341928030241,3.17069950818003,7.39281733078534,9.06155131790854,0.012012012012012,0.0690690690690691
"Total P","Ref10","p95","ASCI_S",0.100600600600601,0.820582780823756,484,150,78,21,103,45,67,12,3.06568463341145,2.75757575757576,2.43219579813126,1.91550218357353,3.8641717409249,3.96983314557396,0.021021021021021,0.178678678678679
"Total P","Ref10","p95","CSCI",0.0525525525525526,0.79,707,226,217,53,159,69,101,41,3.7166646888968,2.41057662658033,3.16943301824718,1.83491584210515,4.35838092496802,3.16683715910847,0.0135135135135135,0.0900900900900901
"Total P","Ref01","p50","ASCI_D",Inf,0.604520861413057,680,209,0,0,52,19,0,0,NA,NA,NA,NA,NA,NA,Inf,Inf
"Total P","Ref01","p50","ASCI_H",1.21321321321321,0.697574776374691,635,203,11,0,83,24,3,1,6.79690189328744,0,4.83552732371644,NA,9.55384433883583,NA,0.953453453453453,Inf
"Total P","Ref01","p50","ASCI_S",Inf,0.674311297634282,642,197,0,0,90,31,0,0,NA,NA,NA,NA,NA,NA,1.37537537537538,Inf
"Total P","Ref01","p50","CSCI",1.46996996996997,0.63,965,312,8,1,200,76,11,0,2.45263157894737,5.10526315789474,1.42589203566822,4.17204657781013,4.21869363989457,6.2472245755794,1.13363363363363,Inf
"Total P","Ref01","p80","ASCI_D",1.33783783783784,0.604520861413057,674,208,7,0,45,19,6,1,8.6034188034188,0,4.82802911800686,NA,15.3310622819063,NA,0.986486486486487,Inf
"Total P","Ref01","p80","ASCI_H",0.65015015015015,0.697574776374691,627,203,23,1,71,23,11,1,6.65037282518641,4.91304347826087,4.82631454464597,1.16150522660546,9.16381605567778,20.7816509701173,0.501501501501502,0.894894894894895
"Total P","Ref01","p80","ASCI_S",0.974474474474474,0.674311297634282,630,196,13,0,77,31,12,1,4.77454545454545,0,3.09994900293535,NA,7.35376107024173,NA,0.708708708708709,Inf
"Total P","Ref01","p80","CSCI",0.708708708708709,0.63,953,305,25,1,183,76,23,7,3.23315118397086,0.626644736842105,2.38995223491927,0.0988520242845213,4.3738391193267,3.97243889595693,0.539039039039039,1.00600600600601
"Total P","Ref01","p90","ASCI_D",0.872372372372372,0.604520861413057,658,208,9,0,43,19,22,1,4.73293323330833,0,2.54012668867837,NA,8.81871644071796,NA,0.614114114114114,1.33333333333333
"Total P","Ref01","p90","ASCI_H",0.394894894894895,0.697574776374691,619,197,29,3,65,21,19,7,6.35769230769231,3.11428571428571,4.59052393592122,1.10890262677052,8.80514992264787,8.74628238409897,0.279279279279279,0.554054054054054
"Total P","Ref01","p90","ASCI_S",0.581081081081081,0.674311297634282,625,195,20,1,70,30,17,2,5.36679536679537,2.5,3.70258787868587,0.485820913485946,7.77901658320096,12.8648228730087,0.39039039039039,0.908408408408408
"Total P","Ref01","p90","CSCI",0.400900900900901,0.63,942,303,35,8,173,69,34,9,3.26924687945045,2.53708439897698,2.49565784824167,1.46666193873064,4.28262839248048,4.38873954355377,0.280780780780781,0.57957957957958
"Total P","Ref01","p95","ASCI_D",0.534534534534534,0.604520861413057,651,206,11,1,41,18,29,3,4.64146341463415,3.11111111111111,2.58673314230258,0.536268605660087,8.32833595281907,18.0488140523632,0.312312312312312,0.846846846846847
"Total P","Ref01","p95","ASCI_H",0.226726726726727,0.697574776374691,598,192,38,5,56,19,40,12,5.68956043956044,3.26625386996904,4.05490267894988,1.39032349443107,7.98319973583053,7.67333241926786,0.112612612612613,0.348348348348348
"Total P","Ref01","p95","ASCI_S",0.328828828828829,0.674311297634282,612,189,27,5,63,26,30,8,5.07518796992481,3.18047337278107,3.53718287316961,1.46082274718881,7.28193419838332,6.92446150255759,0.153153153153153,0.551051051051051
"Total P","Ref01","p95","CSCI",0.217717717717718,0.63,928,298,59,17,149,60,48,14,3.98563632942357,3.27204301075269,3.17667563367429,2.20509324514055,5.00060402202516,4.85524387134619,0.105105105105105,0.345345345345345
"Total P","BCG3","p50","ASCI_D",0.135135135135135,0.95,342,101,104,26,274,99,12,2,2.01560533601812,1.87590187590188,1.80962567342343,1.57628919577927,2.2450305221958,2.2324633432969,0.108108108108108,0.18018018018018
"Total P","BCG3","p50","ASCI_H",0.0885885885885886,0.97,352,106,145,34,218,86,17,2,2.34029901461094,2.10852713178295,2.08196858943316,1.76775838833815,2.63068304948833,2.5149854724459,0.0750750750750751,0.10960960960961
"Total P","BCG3","p50","ASCI_S",0.755255255255255,0.86,494,154,27,0,205,72,6,2,2.78980044345898,0,2.28889313717899,NA,3.40032760285012,NA,0.564564564564565,1.15315315315315
"Total P","BCG3","p50","CSCI",0.220720720720721,0.825,759,243,95,24,319,115,11,7,3.02862719583604,2.41009817671809,2.70602005653403,1.89048649172797,3.38969501323884,3.0725282866796,0.183183183183183,0.277777777777778
"Total P","BCG3","p80","ASCI_D",0.0525525525525526,0.95,310,86,177,45,201,80,44,17,2.03613155939758,1.50604838709677,1.79465000019627,1.20836761491496,2.31010599655722,1.87706267222034,0.036036036036036,0.0705705705705706
"Total P","BCG3","p80","ASCI_H",0.036036036036036,0.97,300,84,218,71,145,49,69,24,2.33113060194641,2.02857142857143,2.00892898935385,1.57683116574078,2.70500844585796,2.60972901235313,0.027027027027027,0.0465465465465465
"Total P","BCG3","p80","ASCI_S",0.31981981981982,0.86,483,151,43,8,189,64,17,5,2.54814814814815,2.06730769230769,2.08637625136211,1.28264052525267,3.11212274424221,3.33200223330903,0.228228228228228,0.481981981981982
"Total P","BCG3","p80","CSCI",0.0960960960960961,0.825,734,237,179,40,235,99,36,13,3.43297377535873,2.56146369353917,3.02520384946907,2.04341154623561,3.89570737336234,3.21085405698436,0.0765765765765766,0.12012012012012
"Total P","BCG3","p90","ASCI_D",0.027027027027027,0.95,237,72,248,83,130,42,117,31,1.91814541622761,1.97619047619048,1.64243441989908,1.51489787365,2.24013926718673,2.57794856413418,0.00750750750750751,0.042042042042042
"Total P","BCG3","p90","ASCI_H",0.018018018018018,0.97,171,50,286,99,77,21,198,58,1.90318772136954,2.1319381255687,1.5583983383464,1.45912803345414,2.32426037274603,3.11498378966361,0.00600600600600601,0.0285285285285285
"Total P","BCG3","p90","ASCI_S",0.168168168168168,0.86,467,147,65,15,167,57,33,9,2.51802517414151,2.23684210526316,2.07797642789306,1.52800906639307,3.05126212814609,3.27449798167035,0.0915915915915916,0.267267267267267
"Total P","BCG3","p90","CSCI",0.0510510510510511,0.825,676,208,232,55,182,84,94,42,3.35495179666959,1.97103583701522,2.89815468991841,1.53357440456907,3.88374768163026,2.53328580551653,0.033033033033033,0.0690690690690691
"Total P","BCG3","p95","ASCI_D",0.0135135135135135,0.95,121,29,316,107,62,18,233,74,1.6989247311828,1.54358502148557,1.37036520882301,1.0520038171539,2.10625986681579,2.26487269314352,-Inf,0.0285285285285285
"Total P","BCG3","p95","ASCI_H",0.00900900900900901,0.97,71,16,331,114,32,6,298,92,1.69380961844197,2.02912621359223,1.25823636432553,1.01285041772589,2.28016857950568,4.06511476781702,-Inf,0.0195195195195195
"Total P","BCG3","p95","ASCI_S",0.0870870870870871,0.86,433,142,96,23,136,49,67,14,2.46409238542043,2.42305570876999,2.02769846700788,1.7086790578227,2.99440542204806,3.43610401316927,0.003003003003003,0.168168168168168
"Total P","BCG3","p95","CSCI",0.0255255255255255,0.825,516,160,299,86,115,53,254,90,2.96672694394213,1.96376500857633,2.47224441019281,1.48661265732969,3.56011271524154,2.59406711620212,0.00600600600600601,0.0435435435435435
"Total P","BCG4","p50","ASCI_D",Inf,0.54,699,213,0,0,33,15,0,0,NA,NA,NA,NA,NA,NA,Inf,Inf
"Total P","BCG4","p50","ASCI_H",Inf,0.67,654,206,0,0,78,22,0,0,NA,NA,NA,NA,NA,NA,1.16666666666667,Inf
"Total P","BCG4","p50","ASCI_S",Inf,0.36,725,224,0,0,7,4,0,0,NA,NA,NA,NA,NA,NA,Inf,Inf
"Total P","BCG4","p50","CSCI",1.47147147147147,0.625,968,315,8,1,197,73,11,0,2.48998129842372,5.31506849315068,1.44721560048513,4.3214308684401,4.28409344428126,6.53717575194728,1.13663663663664,Inf
"Total P","BCG4","p80","ASCI_D",Inf,0.54,699,213,0,0,33,15,0,0,NA,NA,NA,NA,NA,NA,1.27327327327327,Inf
"Total P","BCG4","p80","ASCI_H",0.831831831831832,0.67,640,205,18,1,60,21,14,1,6.5625,5.38095238095238,4.44311105607739,1.26511122576082,9.69284938108688,22.8870378639351,0.636636636636637,1.16966966966967
"Total P","BCG4","p80","ASCI_S",Inf,0.36,725,224,0,0,7,4,0,0,NA,NA,NA,NA,NA,NA,Inf,Inf
"Total P","BCG4","p80","CSCI",0.711711711711712,0.625,956,308,25,1,180,73,23,7,3.28703703703704,0.652397260273973,2.42837877030433,0.102856433701863,4.44931104446247,4.13802199721102,0.542042042042042,1.00900900900901
"Total P","BCG4","p90","ASCI_D",1.21021021021021,0.54,691,212,6,0,27,15,8,1,11.3968253968254,0,5.60568198117023,NA,23.1707095696872,NA,0.851351351351351,Inf
"Total P","BCG4","p90","ASCI_H",0.518018018018018,0.67,633,201,21,1,57,21,21,5,6.05263157894737,1.76190476190476,4.09064552670924,0.280120232733594,8.95564007960909,11.0820570143357,0.367867867867868,0.735735735735736
"Total P","BCG4","p90","ASCI_S",Inf,0.36,725,224,0,0,7,4,0,0,NA,NA,NA,NA,NA,NA,1.48498498498498,Inf
"Total P","BCG4","p90","CSCI",0.402402402402402,0.625,945,306,35,8,170,66,34,9,3.32693947144075,2.6524064171123,2.53785756404409,1.52979061644948,4.36136621828086,4.598838380815,0.283783783783784,0.581081081081081
"Total P","BCG4","p95","ASCI_D",0.788288288288288,0.54,674,212,7,1,26,14,25,1,5.88942307692308,8.07142857142857,2.76488583743032,1.83902804510175,12.5449317687672,35.4252124415368,0.48948948948949,1.26576576576577
"Total P","BCG4","p95","ASCI_H",0.303303303303303,0.67,620,196,29,3,49,19,34,10,6.28474246841594,2.61133603238866,4.29822781211118,0.883502697790736,9.18936585515938,7.71822869483361,0.162162162162162,0.465465465465465
"Total P","BCG4","p95","ASCI_S",Inf,0.36,725,224,0,0,7,4,0,0,NA,NA,NA,NA,NA,NA,1.11111111111111,Inf
"Total P","BCG4","p95","CSCI",0.219219219219219,0.625,931,300,59,16,146,58,48,15,4.06753296632954,3.18576195773081,3.23817325988685,2.10395990837275,5.10930796604616,4.82379878577363,0.108108108108108,0.346846846846847
"Chl-a","Ref30","p50","ASCI_D",134.234234234234,0.910851912839633,404,126,48,13,277,89,3,0,2.31386706307072,2.41573033707865,2.06496021157264,2.05979620992541,2.59277673030125,2.83317011331596,106.006006006006,185.885885885886
"Chl-a","Ref30","p50","ASCI_H",114.414414414414,0.931827933347955,421,123,57,18,248,87,6,0,2.44066820276498,2.41379310344828,2.14907771779191,2.05449236943487,2.77182217593716,2.83593029253115,93.0930930930931,151.051051051051
"Chl-a","Ref30","p50","ASCI_S",126.726726726727,0.926583928220874,394,128,48,15,283,85,7,0,2.08776100224863,2.50588235294118,1.82488665089572,2.12437916927142,2.38850232170353,2.9558971663875,100.3003003003,174.774774774775
"Chl-a","Ref30","p50","CSCI",68.1681681681682,0.92,611,184,131,30,419,171,23,4,2.09109506245544,1.83178534571723,1.89375071325261,1.55527779004909,2.30900431066518,2.15745224052772,58.2582582582583,82.8828828828829
"Chl-a","Ref30","p80","ASCI_D",53.4534534534535,0.910851912839633,377,119,115,30,210,72,30,7,2.21691297208539,2.1509009009009,1.93367453273065,1.69153649911047,2.5416392689726,2.73501321900484,38.4384384384384,73.5735735735736
"Chl-a","Ref30","p80","ASCI_H",47.1471471471471,0.931827933347955,390,114,122,32,183,73,37,9,2.40251572327044,1.99933177413966,2.07382858633575,1.56918252490206,2.78329744251446,2.5473948885162,34.8348348348348,62.1621621621622
"Chl-a","Ref30","p80","ASCI_S",50.1501501501502,0.926583928220874,361,121,111,30,220,70,40,7,1.94133052378085,2.21235521235521,1.6850503513832,1.7343670475252,2.23658847907399,2.82207598017925,36.036036036036,69.0690690690691
"Chl-a","Ref30","p80","CSCI",27.6276276276276,0.92,531,162,247,72,303,129,103,26,1.94246110325318,1.65733270052207,1.73575242712705,1.39051715455094,2.17378646786441,1.97534541104373,21.6216216216216,33.9339339339339
"Chl-a","Ref30","p90","ASCI_D",27.3273273273273,0.910851912839633,333,104,162,47,163,55,74,22,2.08880108141832,1.96916996047431,1.79316324749832,1.50556954152258,2.43318056168137,2.57552389729733,11.1111111111111,42.6426426426426
"Chl-a","Ref30","p90","ASCI_H",24.3243243243243,0.931827933347955,332,95,161,49,144,56,95,28,2.07888454861111,1.71590909090909,1.76121720285753,1.31212777831713,2.45384894006377,2.24394609802464,11.1111111111111,36.6366366366366
"Chl-a","Ref30","p90","ASCI_S",25.5255255255255,0.926583928220874,318,100,164,46,167,54,83,28,1.92828917064656,1.77277277277277,1.65702890738959,1.34046838589861,2.24395549712554,2.34449639912819,9.90990990990991,39.9399399399399
"Chl-a","Ref30","p90","CSCI",14.1141141141141,0.92,385,136,350,116,200,85,249,52,1.70909849749583,1.7952380952381,1.49892733192158,1.47667423350614,1.94873868261368,2.18252593934809,7.20720720720721,20.1201201201201
"Chl-a","Ref30","p95","ASCI_D",13.8138138138138,0.910851912839633,246,75,218,60,107,42,161,51,1.89761546618006,1.50579150579151,1.58436554283355,1.11844444595722,2.27279902278465,2.02728715503905,-Inf,28.5285285285285
"Chl-a","Ref30","p95","ASCI_H",12.3123123123123,0.931827933347955,245,74,215,69,90,36,182,49,2.01581304226141,1.78672316384181,1.65264204582771,1.31211654430984,2.45879150394967,2.43300008528437,-Inf,24.6246246246246
"Chl-a","Ref30","p95","ASCI_S",12.9129129129129,0.926583928220874,229,79,221,65,110,35,172,49,1.73303261623872,1.85714285714286,1.45226191370082,1.34960025118394,2.06808566733918,2.55555642406788,-Inf,27.027027027027
"Chl-a","Ref30","p95","CSCI",7.20720720720721,0.92,245,76,426,155,124,46,389,112,1.55545220660993,1.53965152255333,1.32841639372903,1.19889099577524,1.82129005518825,1.97726633968748,-Inf,13.5135135135135
"Chl-a","Ref10","p50","ASCI_D",193.993993993994,0.782136233857418,560,178,33,6,135,44,4,0,4.59159159159159,5.04545454545455,3.80246668237494,3.87027931444077,5.54448338540254,6.57746108278655,159.75975975976,250.45045045045
"Chl-a","Ref10","p50","ASCI_H",128.828828828829,0.833398296479202,536,172,48,15,142,41,6,0,4.24413145539906,5.19512195121951,3.56587623474916,3.94343791069621,5.05139568086407,6.84410220199915,109.009009009009,158.858858858859
"Chl-a","Ref10","p50","ASCI_S",177.777777777778,0.820582780823756,544,162,32,7,149,59,7,0,3.81621063500258,3.74576271186441,3.11025384189219,3.00921361193898,4.6824035435792,4.66259299038366,146.246246246246,229.429429429429
"Chl-a","Ref10","p50","CSCI",118.018018018018,0.79,788,261,54,17,322,105,20,6,2.51552795031056,2.57639751552795,2.12972315604053,1.92399592747143,2.97122226935735,3.45001985879577,99.6996996996997,145.645645645646
"Chl-a","Ref10","p80","ASCI_D",94.2942942942943,0.782136233857418,543,174,66,16,102,34,21,4,4.79716024340771,4.89411764705882,3.87278572367313,3.35236777938752,5.94216877537576,7.14491640521277,75.3753753753754,120.12012012012
"Chl-a","Ref10","p80","ASCI_H",62.4624624624625,0.833398296479202,500,167,91,23,99,33,42,5,4.1398192450824,4.97835497835498,3.34238006927643,3.48305197001005,5.12751483276549,7.11560393123858,50.7507507507508,76.8768768768769
"Chl-a","Ref10","p80","ASCI_S",84.0840840840841,0.820582780823756,519,160,67,22,114,44,32,2,3.75784157363105,4.25,3.0308613585761,3.18401303822742,4.65919473767816,5.67287249868035,66.966966966967,107.507507507508
"Chl-a","Ref10","p80","CSCI",52.2522522522523,0.79,744,246,125,27,251,95,64,21,2.62178798035372,2.01907894736842,2.26138042110277,1.49167496863929,3.03963550306816,2.73295448500093,42.6426426426426,63.963963963964
"Chl-a","Ref10","p90","ASCI_D",53.4534534534535,0.782136233857418,508,165,89,24,79,26,56,13,4.56071584460934,4.76507276507277,3.57843952853441,3.10050327500397,5.81262554513241,7.32330091036887,36.036036036036,72.0720720720721
"Chl-a","Ref10","p90","ASCI_H",35.4354354354354,0.833398296479202,462,151,116,30,74,26,80,21,4.28681742967457,4.00452488687783,3.36694387652196,2.6213285462123,5.45800712732548,6.11759239138317,23.7237237237237,46.8468468468468
"Chl-a","Ref10","p90","ASCI_S",46.8468468468468,0.820582780823756,481,150,90,30,91,36,70,12,3.53571428571429,3.69047619047619,2.80108805322575,2.59811385946537,4.46300697181137,5.2421161077499,30.6306306306306,63.963963963964
"Chl-a","Ref10","p90","CSCI",27.9279279279279,0.79,649,221,190,51,186,71,159,46,2.44400283451952,2.16233483374474,2.08469949756969,1.63875948318854,2.86523302859854,2.85318985561466,18.6186186186186,37.2372372372372
"Chl-a","Ref10","p95","ASCI_D",29.1291291291291,0.782136233857418,444,144,109,32,59,18,120,34,4.05795277921693,4.36363636363636,3.0799633726631,2.63968944057932,5.34648590451133,7.21347065352912,9.30930930930931,46.2462462462462
"Chl-a","Ref10","p95","ASCI_H",19.2192192192192,0.833398296479202,368,117,135,37,55,19,174,55,3.36010591350397,2.87871853546911,2.54639616990785,1.76910485187467,4.43383943291627,4.68430144073818,5.70570570570571,30.6306306306306
"Chl-a","Ref10","p95","ASCI_S",25.2252252252252,0.820582780823756,419,129,116,41,65,25,132,33,3.48287841191067,3.41297297297297,2.67889306429578,2.25638335031261,4.52815462992071,5.16241378603956,6.60660660660661,41.1411411411411
"Chl-a","Ref10","p95","CSCI",14.7147147147147,0.79,505,185,257,79,119,43,303,82,2.40648259303721,2.60176224180269,1.99994900090839,1.90395241185942,2.89565307313373,3.5553235053072,3.9039039039039,23.7237237237237
"Chl-a","Ref01","p50","ASCI_D",Inf,0.604520861413057,680,209,0,0,52,19,0,0,NA,NA,NA,NA,NA,NA,Inf,Inf
"Chl-a","Ref01","p50","ASCI_H",Inf,0.697574776374691,638,204,0,0,94,24,0,0,NA,NA,NA,NA,NA,NA,290.690690690691,Inf
"Chl-a","Ref01","p50","ASCI_S",272.972972972973,0.674311297634282,637,195,14,1,76,30,5,2,6.91274238227147,2.5,4.90642459900314,0.485820913485946,9.73947653314822,12.8648228730087,225.525525525526,Inf
"Chl-a","Ref01","p50","CSCI",225.825825825826,0.63,966,310,21,2,187,75,10,2,4.1768155942729,2.56666666666667,3.16880262732281,0.942250918070256,5.50548284646573,6.99153235241166,185.585585585586,292.492492492492
"Chl-a","Ref01","p80","ASCI_D",Inf,0.604520861413057,680,209,0,0,52,19,0,0,NA,NA,NA,NA,NA,NA,Inf,Inf
"Chl-a","Ref01","p80","ASCI_H",198.198198198198,0.697574776374691,624,202,23,4,71,20,14,2,6.08488770460601,7.4,4.35468692016971,3.6562847485091,8.50253050481582,14.9769516781561,156.156156156156,265.465465465465
"Chl-a","Ref01","p80","ASCI_S",153.153153153153,0.674311297634282,625,192,27,4,63,27,17,5,6.7012987012987,3.60493827160494,4.80600336330361,1.59868325373302,9.34402265027934,8.12892729797261,125.225225225225,193.393393393393
"Chl-a","Ref01","p80","CSCI",113.213213213213,0.63,934,302,39,13,169,64,42,10,3.14245014245014,3.23233695652174,2.4101984167648,2.11860314735008,4.09717010396186,4.93155228885809,92.4924924924925,143.843843843844
"Chl-a","Ref01","p90","ASCI_D",Inf,0.604520861413057,680,209,0,0,52,19,0,0,NA,NA,NA,NA,NA,NA,220.42042042042,Inf
"Chl-a","Ref01","p90","ASCI_H",121.621621621622,0.697574776374691,610,197,30,10,64,14,28,7,5.44719827586207,8.8655462184874,3.87317801628613,4.65083580583859,7.6608844033991,16.8997386778234,88.5885885885886,165.165165165165
"Chl-a","Ref01","p90","ASCI_S",96.3963963963964,0.674311297634282,601,186,43,9,47,22,41,11,7.05775075987842,4.25454545454545,4.99447953016112,2.27366512881043,9.97338070719002,7.96122383873822,72.3723723723724,124.324324324324
"Chl-a","Ref01","p90","CSCI",65.4654654654655,0.63,885,295,69,17,139,60,91,17,3.17697841726619,2.95833333333333,2.50964738015782,1.96686356968479,4.02175697812194,4.44958981700682,49.2492492492493,84.984984984985
"Chl-a","Ref01","p95","ASCI_D",199.6996996997,0.604520861413057,654,205,11,2,41,17,26,4,5.03955174686882,4.35294117647059,2.82743375706548,1.28127955183322,8.98237907286202,14.788417452462,114.114114114114,Inf
"Chl-a","Ref01","p95","ASCI_H",70.2702702702703,0.697574776374691,575,191,55,15,39,9,63,13,7.33811386353759,11.9047619047619,5.11884875727944,5.75300533575203,10.5195362526909,24.634664447177,36.6366366366366,104.804804804805
"Chl-a","Ref01","p95","ASCI_S",57.0570570570571,0.674311297634282,557,176,57,13,33,18,85,21,7.17669654289373,4.12091503267974,4.86938765910002,2.22873665695409,10.5772998320496,7.61953667948112,31.5315315315315,81.0810810810811
"Chl-a","Ref01","p95","CSCI",36.036036036036,0.63,804,270,105,31,103,46,172,42,3.33794819669833,2.91721262656343,2.6355283318313,1.99861306183523,4.22757669848294,4.25801755781915,18.9189189189189,52.5525525525526
"Chl-a","BCG3","p50","ASCI_D",145.345345345345,0.95,353,103,46,11,332,114,1,0,2.01935401179185,1.90350877192982,1.84918147277889,1.6769078801239,2.20518682723543,2.16073028683369,110.21021021021,218.618618618619
"Chl-a","BCG3","p50","ASCI_H",118.018018018018,0.97,364,108,54,18,309,102,5,0,1.99341780483791,2.05882352941176,1.78041421041108,1.79079030297842,2.23190453177034,2.36697413326935,92.4924924924925,164.864864864865
"Chl-a","BCG3","p50","ASCI_S",185.585585585586,0.86,493,156,31,6,201,66,7,0,2.81670594396439,3.36363636363636,2.32714136621051,2.74653483449481,3.40926103156496,4.11939052972469,148.048048048048,252.552552552553
"Chl-a","BCG3","p50","CSCI",108.108108108108,0.825,749,243,64,17,350,122,21,7,2.36423529411765,2.11919398907104,2.03608405301017,1.57762213060072,2.74527395747137,2.84667860332611,91.5915915915916,133.633633633634
"Chl-a","BCG3","p80","ASCI_D",54.954954954955,0.95,328,97,119,29,259,96,26,6,1.86001863932898,1.66577380952381,1.65179573012732,1.35378720044186,2.09448981829283,2.04965919576563,36.9369369369369,81.3813813813814
"Chl-a","BCG3","p80","ASCI_H",45.6456456456456,0.97,332,101,128,36,235,84,37,7,1.87172147001934,1.84385382059801,1.64722875752262,1.50026724348557,2.12680919109274,2.2661275359416,31.5315315315315,63.6636636636637
"Chl-a","BCG3","p80","ASCI_S",80.7807807807808,0.86,467,153,70,22,162,50,33,3,2.63873906268728,3.5728,2.18712739619314,2.69638781855036,3.18360231464857,4.73407413880942,61.5615615615616,108.408408408408
"Chl-a","BCG3","p80","CSCI",46.5465465465465,0.825,704,228,155,36,259,103,66,22,2.60774996069114,1.99464345497154,2.27814002007859,1.54173437401913,2.98504911794228,2.58060180761815,37.8378378378378,57.3573573573574
"Chl-a","BCG3","p90","ASCI_D",27.3273273273273,0.95,288,84,170,50,208,75,66,19,1.71773142112125,1.53623188405797,1.50736922746296,1.23277766027648,1.95745088950327,1.9143828426182,7.50750750750751,46.2462462462462
"Chl-a","BCG3","p90","ASCI_H",22.8228228228228,0.97,280,82,179,54,184,66,89,26,1.68429591174562,1.51363636363636,1.46346165168544,1.1956537930851,1.93845374428217,1.9161859850841,7.20720720720721,37.2372372372372
"Chl-a","BCG3","p90","ASCI_S",42.9429429429429,0.86,430,143,106,31,126,41,70,13,2.65764790764791,3.16186252771619,2.18669632489212,2.26966724728857,3.23002893480135,4.4047754824497,24.6246246246246,62.4624624624625
"Chl-a","BCG3","p90","CSCI",24.6246246246246,0.825,607,201,212,60,202,79,163,49,2.26413201320132,1.95099291603763,1.95095091244616,1.51535288560864,2.62758726552252,2.5118725773899,15.6156156156156,33.3333333333333
"Chl-a","BCG3","p95","ASCI_D",13.8138138138138,0.95,212,64,237,72,141,53,142,39,1.56554201987313,1.43192248852626,1.34762875972582,1.123938851389,1.81869212741281,1.82430032613721,-Inf,31.5315315315315
"Chl-a","BCG3","p95","ASCI_H",11.4114114114114,0.97,200,60,242,77,121,43,169,48,1.56204379562044,1.47553488372093,1.32801847894419,1.1293068662693,1.83730938847791,1.92791105598232,-Inf,25.5255255255255
"Chl-a","BCG3","p95","ASCI_S",22.5225225225225,0.86,371,118,141,42,91,30,129,38,2.65128205128205,2.59,2.13463308041401,1.76707248099619,3.29297647448012,3.79616573295188,0.900900900900901,40.5405405405405
"Chl-a","BCG3","p95","CSCI",12.6126126126126,0.825,432,162,293,93,121,46,338,88,2.12215950020301,2.32332452558251,1.7752943923819,1.73475015562466,2.53679669334138,3.11159323645053,2.4024024024024,21.3213213213213
"Chl-a","BCG4","p50","ASCI_D",Inf,0.54,699,213,0,0,33,15,0,0,NA,NA,NA,NA,NA,NA,Inf,Inf
"Chl-a","BCG4","p50","ASCI_H",Inf,0.67,654,206,0,0,78,22,0,0,NA,NA,NA,NA,NA,NA,Inf,Inf
"Chl-a","BCG4","p50","ASCI_S",Inf,0.36,725,224,0,0,7,4,0,0,NA,NA,NA,NA,NA,NA,Inf,Inf
"Chl-a","BCG4","p50","CSCI",238.438438438438,0.625,970,312,19,1,186,73,9,3,4.2173579109063,1.31849315068493,3.16507946802647,0.237970878874384,5.61948220522062,7.30519715952608,194.594594594595,Inf
"Chl-a","BCG4","p80","ASCI_D",Inf,0.54,699,213,0,0,33,15,0,0,NA,NA,NA,NA,NA,NA,Inf,Inf
"Chl-a","BCG4","p80","ASCI_H",220.42042042042,0.67,642,204,19,2,59,20,12,2,7.28212137780208,5.6,5.02199941643121,1.92499465019288,10.5593982324128,16.2909543654356,175.075075075075,293.393393393393
"Chl-a","BCG4","p80","ASCI_S",Inf,0.36,725,224,0,0,7,4,0,0,NA,NA,NA,NA,NA,NA,Inf,Inf
"Chl-a","BCG4","p80","CSCI",119.219219219219,0.625,937,304,32,11,173,63,42,11,2.77456647398844,2.91269841269841,2.06600940355471,1.81122002648947,3.72612975784879,4.68403171302124,96.996996996997,153.453453453453
"Chl-a","BCG4","p90","ASCI_D",Inf,0.54,699,213,0,0,33,15,0,0,NA,NA,NA,NA,NA,NA,Inf,Inf
"Chl-a","BCG4","p90","ASCI_H",139.93993993994,0.67,632,200,27,6,51,16,22,6,7.37935174069628,6.75,5.11897069190096,3.22658656529427,10.6378479953155,14.120960054219,103.903903903904,187.987987987988
"Chl-a","BCG4","p90","ASCI_S",Inf,0.36,725,224,0,0,7,4,0,0,NA,NA,NA,NA,NA,NA,Inf,Inf
"Chl-a","BCG4","p90","CSCI",69.0690690690691,0.625,892,296,65,15,140,59,87,19,3.15225563909774,2.65453639082752,2.47969395357195,1.70131044679064,4.00723468309865,4.14184457840735,51.951951951952,90.3903903903904
"Chl-a","BCG4","p95","ASCI_D",Inf,0.54,699,213,0,0,33,15,0,0,NA,NA,NA,NA,NA,NA,182.282282282282,Inf
"Chl-a","BCG4","p95","ASCI_H",83.4834834834835,0.67,602,193,47,12,31,10,52,13,9.69403714565005,9.744,6.49000356682271,4.69209696630917,14.4798620237507,20.2352032964666,47.4474474474474,121.021021021021
"Chl-a","BCG4","p95","ASCI_S",Inf,0.36,725,224,0,0,7,4,0,0,NA,NA,NA,NA,NA,NA,Inf,Inf
"Chl-a","BCG4","p95","CSCI",38.1381381381381,0.625,814,275,97,28,108,46,165,40,3.16065875035341,2.87340153452685,2.49256642197646,1.94411575581117,4.00782247891482,4.24688517334521,20.1201201201201,55.5555555555556
"AFDM","Ref30","p50","ASCI_D",9.00900900900901,0.910851912839633,394,121,31,14,294,88,13,5,1.64873222016079,1.75,1.33626098705437,1.27980786164551,2.03427171797371,2.3929373242499,7.20720720720721,12.4624624624625
"AFDM","Ref30","p50","ASCI_H",8.25825825825826,0.931827933347955,417,119,41,17,264,88,10,4,2.07375222816399,1.90422077922078,1.75782223279659,1.46589860831841,2.44646371150589,2.47360680707364,6.75675675675676,10.8108108108108
"AFDM","Ref30","p50","ASCI_S",9.60960960960961,0.926583928220874,391,120,32,8,299,92,10,8,1.75824175824176,1.15217391304348,1.45471569756144,0.688650039723397,2.12509845436276,1.92769135166408,7.58258258258258,13.7387387387387
"AFDM","Ref30","p50","CSCI",6.08108108108108,0.92,610,178,75,29,475,172,24,10,1.7304625199362,1.51311866428145,1.51905630543154,1.2226311841004,1.97129001880761,1.8726236676856,5.10510510510511,7.73273273273273
"AFDM","Ref30","p80","ASCI_D",3.6036036036036,0.910851912839633,350,109,123,32,202,70,57,17,1.86732673267327,1.66997084548105,1.61003890378995,1.26899085576253,2.16572973382706,2.19765383816018,2.62762762762763,4.87987987987988
"AFDM","Ref30","p80","ASCI_H",3.37837837837838,0.931827933347955,371,107,140,39,165,66,56,16,2.32034632034632,1.85867768595041,1.98742255066853,1.44056577594735,2.70903992939681,2.39814300598534,2.47747747747748,4.35435435435435
"AFDM","Ref30","p80","ASCI_S",3.75375375375375,0.926583928220874,345,109,119,29,212,71,56,19,1.78660377358491,1.53169014084507,1.54250149941026,1.14321421016076,2.06933545608105,2.05217418285248,2.7027027027027,5.25525525525526
"AFDM","Ref30","p80","CSCI",2.4024024024024,0.92,528,159,229,66,321,135,106,29,1.80797879760078,1.51298245614035,1.61485361940277,1.260815663909,2.02420039395452,1.8155833387185,1.87687687687688,3.003003003003
"AFDM","Ref30","p90","ASCI_D",1.8018018018018,0.910851912839633,289,93,180,47,145,55,118,33,1.80791483452904,1.58090909090909,1.53807710593623,1.19579648976933,2.12509245231929,2.0900492475949,0.675675675675676,2.77777777777778
"AFDM","Ref30","p90","ASCI_H",1.72672672672673,0.931827933347955,298,92,182,51,123,54,129,31,2.00303244189998,1.68157181571816,1.68012311734286,1.28195858399437,2.38800295162242,2.20575282752666,0.750750750750751,2.55255255255255
"AFDM","Ref30","p90","ASCI_S",1.87687687687688,0.926583928220874,294,93,189,45,142,55,107,35,1.96050628092882,1.51363636363636,1.67050733642474,1.13753973480521,2.30084884618793,2.01407913167502,0.675675675675676,3.003003003003
"AFDM","Ref30","p90","CSCI",1.2012012012012,0.92,430,144,347,104,203,97,204,44,1.96374706087454,1.74589022011702,1.72390810483202,1.44903101331105,2.23695364519976,2.10356619885951,0.600600600600601,1.72672672672673
"AFDM","Ref30","p95","ASCI_D",0.900900900900901,0.910851912839633,209,72,220,66,105,36,198,54,1.57393483709273,1.65,1.31368788627039,1.20696806015328,1.8857377747824,2.25565206725872,-Inf,1.87687687687688
"AFDM","Ref30","p95","ASCI_H",0.900900900900901,0.931827933347955,228,74,219,71,86,34,199,49,1.91292978747079,1.87941176470588,1.56290293177,1.37000724022197,2.34134845959299,2.57822621487941,-Inf,1.72672672672673
"AFDM","Ref30","p95","ASCI_S",0.975975975975976,0.926583928220874,235,75,237,64,94,36,166,53,2.05831265508685,1.68660968660969,1.70296583824972,1.22989048075138,2.48780738340883,2.31293133777874,-Inf,2.02702702702703
"AFDM","Ref30","p95","CSCI",0.600600600600601,0.92,252,80,446,158,104,43,382,108,1.84383128948346,1.69907326455674,1.54994682027786,1.30868717775222,2.19343901326161,2.20591292358339,-Inf,1.2012012012012
"AFDM","Ref10","p50","ASCI_D",11.4864864864865,0.782136233857418,552,172,18,3,150,47,12,6,2.808,1.5531914893617,2.02878614472198,0.594615180167187,3.88649341898996,4.05708411606197,9.60960960960961,14.6396396396396
"AFDM","Ref10","p50","ASCI_H",11.7117117117117,0.833398296479202,530,169,16,6,174,50,12,3,2.311986863711,2.92,1.63584362237556,1.73017965315931,3.26760038970587,4.92804315692349,9.60960960960961,15.3903903903904
"AFDM","Ref10","p50","ASCI_S",14.7147147147147,0.820582780823756,542,160,9,2,172,64,9,2,2.07558139534884,1.75,1.28395633691116,0.641333452663674,3.35528398035883,4.77520701170414,11.5615615615616,20.7207207207207
"AFDM","Ref10","p50","CSCI",8.48348348348348,0.79,787,258,35,18,341,104,21,9,2.06744868035191,2.32051282051282,1.65668927131658,1.69756481492315,2.58005174530526,3.17206135684907,7.13213213213213,10.6606606606607
"AFDM","Ref10","p80","ASCI_D",5.63063063063063,0.782136233857418,524,161,58,17,110,33,40,17,3.41113172541744,2.93939393939394,2.69246601665683,1.85778604611193,4.32162173121771,4.65071677604003,4.57957957957958,6.98198198198198
"AFDM","Ref10","p80","ASCI_H",5.48048048048048,0.833398296479202,499,156,59,18,131,38,43,16,2.78176919622811,2.70278637770898,2.22070087265128,1.76307428580461,3.4845935156701,4.14336154882744,4.35435435435435,6.98198198198198
"AFDM","Ref10","p80","ASCI_S",6.75675675675676,0.820582780823756,513,151,36,14,145,52,38,11,2.2076421248835,2.18615384615385,1.67708136692036,1.43630923898466,2.90605086174784,3.32746494232104,5.25525525525526,9.15915915915916
"AFDM","Ref10","p80","CSCI",3.75375375375375,0.79,721,237,117,34,259,88,87,30,2.17011128775835,1.96200284090909,1.8531168527271,1.4657925614849,2.54133083638289,2.62619367083955,3.07807807807808,4.57957957957958
"AFDM","Ref10","p90","ASCI_D",3.22822822822823,0.782136233857418,460,148,101,27,67,23,104,30,3.87528212595559,3.52173913043478,2.97758029381009,2.20225686272157,5.0436294151229,5.63178923983837,2.17717717717718,4.2042042042042
"AFDM","Ref10","p90","ASCI_H",3.003003003003,0.833398296479202,435,139,111,27,79,29,107,33,3.31285564975032,2.60689655172414,2.602638801162,1.68841452669386,4.21687886585822,4.02502437875757,1.87687687687688,4.05405405405405
"AFDM","Ref10","p90","ASCI_S",3.67867867867868,0.820582780823756,462,139,88,25,93,41,89,23,2.9670129396756,2.28658536585366,2.33975225565433,1.55915626706904,3.76243500264969,3.35339872324971,2.32732732732733,5.18018018018018
"AFDM","Ref10","p90","CSCI",1.95195195195195,0.79,621,212,205,51,171,71,187,55,2.42212674543502,1.91775179378156,2.05777351969643,1.4457547080678,2.85099303436323,2.54384227284835,1.27627627627628,2.62762762762763
"AFDM","Ref10","p95","ASCI_D",1.72672672672673,0.782136233857418,376,127,123,31,45,19,188,51,3.70010718113612,2.90500641848524,2.71756073668656,1.75487212099601,5.03789776142699,4.80893290768713,0.525525525525526,2.7027027027027
"AFDM","Ref10","p95","ASCI_H",1.57657657657658,0.833398296479202,350,120,134,37,56,19,192,52,2.98006134969325,3.04139562389119,2.26152322450764,1.87061752783416,3.92689562136555,4.94493780978007,0.3003003003003,2.62762762762763
"AFDM","Ref10","p95","ASCI_S",1.95195195195195,0.820582780823756,387,123,120,39,61,27,164,39,3.10320942045717,2.77777777777778,2.36855083823162,1.84674966995914,4.06573865832827,4.17817829250608,0.3003003003003,3.3033033033033
"AFDM","Ref10","p95","CSCI",1.05105105105105,0.79,482,174,276,79,100,43,326,93,2.66830564784053,2.31787452677123,2.18800070490017,1.69437989346114,3.25404604045707,3.17080150832075,0.225225225225225,1.65165165165165
"AFDM","Ref01","p50","ASCI_D",41.6666666666667,0.604520861413057,678,209,0,0,52,19,2,0,0,NA,NA,NA,NA,NA,27.6276276276276,Inf
"AFDM","Ref01","p50","ASCI_H",25,0.697574776374691,634,204,1,0,93,24,4,0,1.56344086021505,NA,0.267775623709476,NA,9.12834144321511,NA,18.5435435435435,40.1651651651652
"AFDM","Ref01","p50","ASCI_S",18.5435435435435,0.674311297634282,635,195,3,0,87,31,7,2,2.48965517241379,0,0.945954106529709,NA,6.55251965686359,NA,14.7897897897898,25.6756756756757
"AFDM","Ref01","p50","CSCI",12.3123123123123,0.63,963,305,16,7,192,70,13,7,3.31896551724138,2.67857142857143,2.33247448179486,1.52155692683106,4.72268065122016,4.71539695389641,10.2852852852853,15.5405405405405
"AFDM","Ref01","p80","ASCI_D",24.3993993993994,0.604520861413057,675,209,0,0,52,19,5,0,0,NA,NA,NA,NA,NA,16.3663663663664,52.4774774774775
"AFDM","Ref01","p80","ASCI_H",13.2882882882883,0.697574776374691,622,199,7,2,87,22,16,5,2.48025987006497,2.87012987012987,1.29623379489452,0.831134735724269,4.7458174962606,9.91132378101518,9.98498498498498,20.5705705705706
"AFDM","Ref01","p80","ASCI_S",10.2102102102102,0.674311297634282,622,186,16,1,74,30,20,11,4.18018018018018,0.6,2.73481593908371,0.0888598719603017,6.38942683090613,4.05132251553131,8.10810810810811,13.5885885885886
"AFDM","Ref01","p80","CSCI",6.23123123123123,0.63,923,294,42,18,166,59,53,18,2.9003170577045,2.99152542372881,2.22314877921879,2.00190769154494,3.78374992885883,4.47034815771623,5.18018018018018,7.73273273273273
"AFDM","Ref01","p90","ASCI_D",15.8408408408408,0.604520861413057,666,207,1,0,51,19,14,2,0.937254901960784,0,0.138345912946437,NA,6.34964006193392,NA,10.5105105105105,32.6576576576577
"AFDM","Ref01","p90","ASCI_H",8.03303303303303,0.697574776374691,602,190,18,7,76,17,36,14,2.97368421052632,4.05882352941176,1.92878577453131,1.90044019295153,4.58464485828256,8.66854347956148,5.70570570570571,12.0870870870871
"AFDM","Ref01","p90","ASCI_S",6.30630630630631,0.674311297634282,585,176,29,7,61,24,57,21,3.5711017918414,2.08333333333333,2.4401420296592,0.989131353272878,5.226240051885,4.38796906337716,4.65465465465465,8.40840840840841
"AFDM","Ref01","p90","CSCI",3.67867867867868,0.63,851,273,83,25,125,52,125,39,3.11569230769231,2.44140625,2.46616708581482,1.6445889460216,3.93628583077356,3.62428830131562,2.77777777777778,4.57957957957958
"AFDM","Ref01","p95","ASCI_D",9.68468468468468,0.604520861413057,646,196,8,2,44,17,34,13,2.98701298701299,1.67058823529412,1.50366547865252,0.423902373796656,5.93366457583356,6.58374480639705,5.63063063063063,19.0690690690691
"AFDM","Ref01","p95","ASCI_H",4.57957957957958,0.697574776374691,543,173,40,10,54,14,95,31,3.27572016460905,3.25783972125436,2.27636382779926,1.55530980780504,4.71380825234789,6.82405498642175,2.25225225225225,7.20720720720721
"AFDM","Ref01","p95","ASCI_S",3.67867867867868,0.674311297634282,521,162,56,13,34,18,121,35,5.16450648055832,2.70833333333333,3.49189698873388,1.42837970971915,7.63829152858257,5.135237776436,1.87687687687688,5.25525525525526
"AFDM","Ref01","p95","CSCI",2.02702702702703,0.63,728,243,127,35,81,42,248,69,3.38248559670782,2.28365384615385,2.63305199799578,1.54796710801669,4.34522706754163,3.36898301136062,1.05105105105105,2.85285285285285
"AFDM","BCG3","p50","ASCI_D",9.98498498498498,0.95,344,100,31,11,347,114,10,3,1.50565825542982,1.4749373433584,1.24615594944432,1.09088403377125,1.81919990283307,1.994199291113,7.58258258258258,15.3153153153153
"AFDM","BCG3","p50","ASCI_H",7.05705705705706,0.97,357,104,60,20,303,100,12,4,1.81518151815182,1.7,1.58994599371382,1.3538884754341,2.0723244417527,2.13459236298866,5.70570570570571,9.38438438438438
"AFDM","BCG3","p50","ASCI_S",11.4114114114114,0.86,491,152,22,5,210,67,9,4,2.3689708141321,1.81592039800995,1.84094398254479,0.978018716414752,3.0484483892074,3.37168076291723,9.15915915915916,15.4654654654655
"AFDM","BCG3","p50","CSCI",7.95795795795796,0.825,749,242,41,19,373,120,21,8,1.9891896566635,2.12283950617284,1.63419385993945,1.59559223874731,2.42130116088164,2.82431028400222,6.68168168168168,10.0600600600601
"AFDM","BCG3","p80","ASCI_D",3.75375375375375,0.95,304,88,125,33,253,92,50,15,1.5725578769057,1.34510869565217,1.37984596204769,1.05933554625936,1.79218430479612,1.70797384219572,2.55255255255255,5.48048048048048
"AFDM","BCG3","p80","ASCI_H",2.7027027027027,0.97,308,88,168,43,195,77,61,20,1.89237487403426,1.46258503401361,1.65368345882344,1.15631308186993,2.16551882693684,1.84997905434162,1.95195195195195,3.67867867867868
"AFDM","BCG3","p80","ASCI_S",4.95495495495495,0.86,451,138,72,20,160,52,49,18,2.27231404958678,1.92307692307692,1.86330232194828,1.31360697070843,2.77110755411423,2.81532066633032,3.82882882882883,6.53153153153153
"AFDM","BCG3","p80","CSCI",3.37837837837838,0.825,684,220,143,41,271,98,86,30,2.20056720217857,1.87381431445818,1.90862654967076,1.44681617441905,2.5371626587398,2.42683220380657,2.77777777777778,4.2042042042042
"AFDM","BCG3","p90","ASCI_D",1.87687687687688,0.95,250,77,192,54,186,71,104,26,1.52048823016565,1.40704225352113,1.32519828905089,1.12138521123419,1.74455738222243,1.76546639224436,0.375375375375375,3.15315315315315
"AFDM","BCG3","p90","ASCI_H",1.35135135135135,0.97,242,75,223,60,140,60,127,33,1.73848979591837,1.45161290322581,1.49060160644412,1.13964444188766,2.0276019812713,1.84898021116254,0.375375375375375,2.17717717717718
"AFDM","BCG3","p90","ASCI_S",2.62762762762763,0.86,392,122,124,32,108,40,108,34,2.47445721583653,1.96363636363636,2.01413981437184,1.36030119011904,3.03997690195854,2.83456913557328,1.5015015015015,3.75375375375375
"AFDM","BCG3","p90","CSCI",1.8018018018018,0.825,584,194,231,58,183,81,186,56,2.32177536659197,1.72731210742907,1.99230959200004,1.33555579913814,2.70572448908492,2.23398162652315,1.12612612612613,2.4024024024024
"AFDM","BCG3","p95","ASCI_D",0.900900900900901,0.95,179,62,243,79,135,46,175,41,1.35215311004785,1.54565217391304,1.16237676183278,1.19818812378933,1.57291344170479,1.99387775198994,-Inf,2.17717717717718
"AFDM","BCG3","p95","ASCI_H",0.675675675675676,0.97,171,50,267,88,96,32,198,58,1.59697580645161,1.54452054794521,1.33615137224732,1.1424243853623,1.90871467063068,2.08814145915524,-Inf,1.5015015015015
"AFDM","BCG3","p95","ASCI_S",1.35135135135135,0.86,317,107,167,44,65,28,183,49,2.80413186813187,2.28110599078341,2.18977955568173,1.5379115912586,3.59084343146346,3.38344841846829,-Inf,2.47747747747748
"AFDM","BCG3","p95","CSCI",0.900900900900901,0.825,417,148,312,92,102,47,353,102,2.38726227333038,1.96753674051327,1.97041616799229,1.47197346718865,2.89229313798893,2.62993926966853,0.15015015015015,1.57657657657658
"AFDM","BCG4","p50","ASCI_D",72.8978978978979,0.54,699,213,0,0,33,15,0,0,NA,NA,NA,NA,NA,NA,35.960960960961,Inf
"AFDM","BCG4","p50","ASCI_H",25.4504504504505,0.67,650,206,1,0,77,22,4,0,1.88831168831169,NA,0.322631133107669,NA,11.0520054213881,NA,19.0690690690691,40.015015015015
"AFDM","BCG4","p50","ASCI_S",Inf,0.36,725,224,0,0,7,4,0,0,NA,NA,NA,NA,NA,NA,29.8798798798799,Inf
"AFDM","BCG4","p50","CSCI",12.3873873873874,0.625,966,307,16,6,189,68,13,8,3.37164750957854,2.36344537815126,2.36843119560347,1.24276969443353,4.79980459214931,4.49469767449607,10.3603603603604,15.6156156156156
"AFDM","BCG4","p80","ASCI_D",44.96996996997,0.54,698,213,0,0,33,15,1,0,0,NA,NA,NA,NA,NA,22.5975975975976,Inf
"AFDM","BCG4","p80","ASCI_H",14.1891891891892,0.67,642,201,6,1,72,21,12,5,3.30555555555556,1.76190476190476,1.65876692506951,0.280120232733594,6.58724101965458,11.0820570143357,10.7357357357357,21.4714714714715
"AFDM","BCG4","p80","ASCI_S",Inf,0.36,725,224,0,0,7,4,0,0,NA,NA,NA,NA,NA,NA,21.996996996997,Inf
"AFDM","BCG4","p80","CSCI",6.30630630630631,0.625,926,297,42,16,163,58,53,18,2.95369712625121,2.88032454361055,2.26225424697954,1.87785727608041,3.85647489678624,4.41794463413206,5.25525525525526,7.80780780780781
"AFDM","BCG4","p90","ASCI_D",30.5555555555556,0.54,696,213,0,0,33,15,3,0,0,NA,NA,NA,NA,NA,15.4654654654655,Inf
"AFDM","BCG4","p90","ASCI_H",8.85885885885886,0.67,621,192,13,6,65,16,33,14,2.98260869565217,3.9,1.78103072414179,1.7173238184815,4.99483501929289,8.8568037293334,6.38138138138138,13.0630630630631
"AFDM","BCG4","p90","ASCI_S",Inf,0.36,725,224,0,0,7,4,0,0,NA,NA,NA,NA,NA,NA,17.4924924924925,Inf
"AFDM","BCG4","p90","CSCI",3.67867867867868,0.625,853,274,82,23,123,51,126,41,3.12820512820513,2.29013480392157,2.47046500978691,1.51461677818426,3.96106291137997,3.46273558808738,2.85285285285285,4.65465465465465
"AFDM","BCG4","p95","ASCI_D",19.5195195195195,0.54,689,211,0,0,33,15,10,2,0,0,NA,NA,NA,NA,9.60960960960961,Inf
"AFDM","BCG4","p95","ASCI_H",5.18018018018018,0.67,571,179,33,10,45,12,83,27,3.89425287356322,4.3018018018018,2.6018190868572,2.00483680653583,5.8286932861169,9.23042647743535,2.85285285285285,7.88288288288288
"AFDM","BCG4","p95","ASCI_S",Inf,0.36,725,224,0,0,7,4,0,0,NA,NA,NA,NA,NA,NA,13.4384384384384,Inf
"AFDM","BCG4","p95","CSCI",2.02702702702703,0.625,729,244,125,33,80,41,250,71,3.37083333333333,2.20567542213884,2.61836636524817,1.47832808197466,4.33954450069257,3.29088253625608,1.12612612612613,2.92792792792793
"% cover","Ref30","p50","ASCI_D",65.4654654654655,0.910851912839633,350,107,24,11,270,82,6,2,1.83703703703704,1.95028142589118,1.50364203340731,1.46812794020028,2.24435404203127,2.59078077327324,51.6516516516517,92.7927927927928
"% cover","Ref30","p50","ASCI_H",85.5855855855856,0.931827933347955,374,112,6,4,267,86,3,0,1.60049937578027,2.30232558139535,0.998987528168483,1.96318747545149,2.56419442650041,2.7000493580107,63.8638638638639,Inf
"% cover","Ref30","p50","ASCI_S",66.1661661661662,0.926583928220874,339,111,19,8,283,80,9,3,1.49141847551742,1.73636363636364,1.13937008537929,1.16442155477415,1.95224457589145,2.58923296749751,51.7517517517518,95.4954954954955
"% cover","Ref30","p50","CSCI",48.948948948949,0.92,365,115,70,26,309,103,22,6,1.65963134937386,1.71966019417476,1.44137023535909,1.38268476471872,1.9109428988162,2.13876022856934,40.5405405405405,62.5625625625626
"% cover","Ref30","p80","ASCI_D",26.026026026026,0.910851912839633,275,85,123,38,171,55,81,24,1.57258341933265,1.56011730205279,1.33718891758344,1.17175598501085,1.84941602360059,2.07719527555212,18.3183183183183,35.6356356356356
"% cover","Ref30","p80","ASCI_H",34.2342342342342,0.931827933347955,314,96,92,35,181,55,63,16,1.62324006415969,1.88413547237077,1.36320056994028,1.42189536341182,1.93288380594542,2.49664396522661,24.3243243243243,51.0510510510511
"% cover","Ref30","p80","ASCI_S",26.026026026026,0.926583928220874,263,89,119,37,183,51,85,25,1.42167577413479,1.6382036685642,1.21045790513119,1.21321812059985,1.66974993363582,2.21205998668262,18.1181181181181,36.1361361361361
"% cover","Ref30","p80","CSCI",19.2192192192192,0.92,284,90,187,59,192,70,103,31,1.59863505747126,1.4984126984127,1.39148959128553,1.18896733311454,1.83661743715606,1.88839554479847,13.6136136136136,25.1251251251251
"% cover","Ref30","p90","ASCI_D",13.2132132132132,0.910851912839633,221,66,166,50,128,43,135,43,1.50368563122924,1.36284071017754,1.26664472267662,1.00951203163696,1.78508656538455,1.83983423982129,3.8038038038038,20.9209209209209
"% cover","Ref30","p90","ASCI_H",17.5175175175175,0.931827933347955,241,74,133,46,140,44,136,38,1.34553903345725,1.46861471861472,1.12511591740597,1.08261268863394,1.60914556673524,1.99224451586035,5.90590590590591,27.9279279279279
"% cover","Ref30","p90","ASCI_S",13.2132132132132,0.926583928220874,216,74,169,53,133,35,132,40,1.47330951964629,1.77480798771121,1.24672062078497,1.28118867372509,1.74108048306259,2.45861008440308,3.4034034034034,21.1211211211211
"% cover","Ref30","p90","CSCI",9.80980980980981,0.92,221,71,233,76,146,53,166,50,1.46789920005493,1.41120095837077,1.26245385311566,1.10057562000348,1.70677768237165,1.80949687482653,2.9029029029029,15.3153153153153
"% cover","Ref30","p95","ASCI_D",6.70670670670671,0.910851912839633,158,48,188,59,106,34,198,61,1.21302180076254,1.18578431372549,1.01370814846104,0.864682366181608,1.45152418016866,1.62612826821787,-Inf,14.5145145145145
"% cover","Ref30","p95","ASCI_H",8.90890890890891,0.931827933347955,187,55,161,56,112,34,190,57,1.22453703703704,1.29724102030193,1.01718341973538,0.938277067582833,1.47415984765613,1.79353660330766,-Inf,18.7187187187187
"% cover","Ref30","p95","ASCI_S",6.60660660660661,0.926583928220874,167,56,205,62,97,26,181,58,1.44543560707227,1.62948717948718,1.20239632804594,1.13387068835742,1.73760019509355,2.34173834404308,-Inf,14.7147147147147
"% cover","Ref30","p95","CSCI",4.9049049049049,0.92,170,55,280,87,99,42,217,66,1.53080096742069,1.31325863678805,1.28530914637079,1.00570850165207,1.82318130114675,1.71485897182468,-Inf,10.8108108108108
"% cover","Ref10","p50","ASCI_D",70.970970970971,0.782136233857418,487,152,15,5,139,42,9,3,2.81474820143885,2.88690476190476,1.99725360133432,1.58230911305793,3.96685099589266,5.26712450527564,60.1601601601602,88.0880880880881
"% cover","Ref10","p50","ASCI_H",77.977977977978,0.833398296479202,472,149,8,4,163,47,7,2,2.07770961145194,2.78014184397163,1.27043140963083,1.49585472789579,3.3979616662455,5.16707172726231,63.8638638638639,Inf
"% cover","Ref10","p50","ASCI_S",64.964964964965,0.820582780823756,467,140,18,9,146,49,19,4,2.04257682339874,2.67032967032967,1.42459142668642,1.72618735487707,2.92864325962566,4.13087289053325,55.6556556556557,79.2792792792793
"% cover","Ref10","p50","CSCI",56.956956956957,0.79,478,165,46,11,223,66,19,8,2.22462918247672,2.02631578947368,1.83917351762353,1.31133924697096,2.6908689974624,3.13111629058204,48.4484484484485,70.0700700700701
"% cover","Ref10","p80","ASCI_D",35.2352352352352,0.782136233857418,419,128,70,22,84,25,77,27,2.85147392290249,2.74775510204082,2.20141925673157,1.70832277437086,3.69348251503207,4.41963205903634,29.029029029029,42.8428428428428
"% cover","Ref10","p80","ASCI_H",36.5365365365365,0.833398296479202,405,126,70,24,101,27,74,25,2.43536853685369,2.77551020408163,1.9112302793596,1.77503570637571,3.1032471462749,4.33988841198596,29.1291291291291,46.4464464464465
"% cover","Ref10","p80","ASCI_S",31.8318318318318,0.820582780823756,399,120,83,33,81,25,87,24,2.89324618736383,3.35789473684211,2.25009447510069,2.20457364194485,3.72023201395611,5.11457492241667,26.1261261261261,38.3383383383383
"% cover","Ref10","p80","CSCI",25.1251251251251,0.79,388,136,131,34,138,43,109,37,2.08049516908213,1.99344906649198,1.73065134106372,1.39532309200494,2.50105844306782,2.84797062663653,19.8198198198198,30.8308308308308
"% cover","Ref10","p90","ASCI_D",20.3203203203203,0.782136233857418,344,106,93,24,61,23,152,49,2.52024088323854,1.84395473496129,1.90191597080381,1.12303291684818,3.33958713584102,3.02766643219045,13.3133133133133,26.5265265265265
"% cover","Ref10","p90","ASCI_H",20.3203203203203,0.833398296479202,330,105,96,27,75,24,149,46,2.11591836734694,1.98801369863014,1.63599283327932,1.24234157584169,2.73663212099886,3.1812494589207,12.2122122122122,27.6276276276276
"% cover","Ref10","p90","ASCI_S",18.2182182182182,0.820582780823756,331,101,103,39,61,19,155,43,2.56551023001652,3.00385109114249,1.94843186083553,1.8733821576893,3.37802048540563,4.81648730384377,11.6116116116116,23.9239239239239
"% cover","Ref10","p90","CSCI",13.4134134134134,0.79,310,108,164,43,105,34,187,65,1.84669651336318,1.66285403050109,1.51247683763374,1.14341876721153,2.25477040547814,2.41825970155883,7.10710710710711,18.7187187187187
"% cover","Ref10","p95","ASCI_D",11.2112112112112,0.782136233857418,282,88,108,31,46,16,214,67,2.39157439913584,2.05612244897959,1.7555544609314,1.20075485747167,3.25801804152941,3.5208181744104,2.5025025025025,17.7177177177177
"% cover","Ref10","p95","ASCI_H",10.8108108108108,0.833398296479202,265,78,112,32,59,19,214,73,1.88665904128106,1.55588972431078,1.4323769458201,0.946287695471858,2.48501789171817,2.55819963188759,0.700700700700701,18.3183183183183
"% cover","Ref10","p95","ASCI_S",9.90990990990991,0.820582780823756,265,81,119,45,45,13,221,63,2.41111111111111,3.01282051282051,1.77416171834017,1.73283171498298,3.276734431832,5.23829715487473,1.9019019019019,16.016016016016
"% cover","Ref10","p95","CSCI",7.00700700700701,0.79,252,89,185,50,84,27,245,84,1.72093023255814,1.60309563294638,1.38811436727314,1.07734829796501,2.13354240483115,2.38540833380072,-Inf,12.7127127127127
"% cover","Ref01","p50","ASCI_D",Inf,0.604520861413057,604,185,0,0,46,17,0,0,NA,NA,NA,NA,NA,NA,84.7847847847848,Inf
"% cover","Ref01","p50","ASCI_H",92.2922922922923,0.697574776374691,564,179,2,1,83,21,1,1,5.19678714859438,4.76190476190476,2.27601796382411,1.11996647464082,11.8657221063492,20.2467997702552,76.7767767767768,Inf
"% cover","Ref01","p50","ASCI_S",91.2912912912913,0.674311297634282,565,171,2,0,80,28,3,3,3.225,0,1.08021421118327,NA,9.62829862107361,NA,76.2762762762763,Inf
"% cover","Ref01","p50","CSCI",88.2882882882883,0.63,615,202,5,4,143,44,3,0,3.31293706293706,5.59090909090909,1.89796145561052,4.27530113264554,5.78281078919568,7.31135971315017,72.6726726726727,Inf
"% cover","Ref01","p80","ASCI_D",65.8658658658659,0.604520861413057,581,175,7,3,39,14,23,10,3.70940170940171,3.11538461538462,1.81131825910978,1.02066969112098,7.59648999976119,9.5090717263444,55.7557557557558,81.981981981982
"% cover","Ref01","p80","ASCI_H",52.5525525525526,0.697574776374691,515,166,22,6,63,16,50,14,2.80335097001764,3.4125,1.84312232638114,1.50474074024456,4.26383889371525,7.73897850875449,43.9439439439439,65.0650650650651
"% cover","Ref01","p80","ASCI_S",52.2522522522523,0.674311297634282,519,157,23,3,59,25,49,17,3.12947269303202,1.092,2.06609394599859,0.360700557120502,4.74015199328199,3.30596661540954,43.8438438438438,64.3643643643644
"% cover","Ref01","p80","CSCI",44.7447447447448,0.63,556,174,49,13,99,35,62,28,2.92064792064792,1.89337979094077,2.21361692411636,1.10055841970133,3.85350517673249,3.25733461174717,36.7367367367367,56.2562562562563
"% cover","Ref01","p90","ASCI_D",46.7467467467468,0.604520861413057,538,160,18,9,28,8,66,25,4.33163265306122,5.55882352941176,2.50815461704499,2.30492210790924,7.48081530283491,13.4063181246377,38.1381381381381,57.0570570570571
"% cover","Ref01","p90","ASCI_H",33.3333333333333,0.697574776374691,452,139,47,15,38,7,113,41,3.78782894736842,5.58673469387755,2.56751449145864,2.40056815109932,5.5881468954713,13.0017573237744,25.5255255255255,41.6416416416416
"% cover","Ref01","p90","ASCI_S",33.3333333333333,0.674311297634282,454,136,46,18,36,10,114,38,3.91319444444444,4.69285714285714,2.62765646110038,2.305507935828,5.82766087832434,9.55230204200358,25.5255255255255,41.4414414414414
"% cover","Ref01","p90","CSCI",26.1261261261261,0.63,453,154,72,21,76,27,165,48,2.11459027315123,2.0402576489533,1.59213560310625,1.23834195790984,2.80848692446922,3.36147156084291,18.4184184184184,33.6336336336336
"% cover","Ref01","p95","ASCI_D",31.3313313313313,0.604520861413057,465,138,31,10,15,7,139,47,5.83529411764706,3.63408521303258,3.22959171727857,1.45076500505935,10.5433319194103,9.10318024595706,21.2212212212212,39.9399399399399
"% cover","Ref01","p95","ASCI_H",20.02002002002,0.697574776374691,375,123,55,16,30,6,190,57,3.03061224489796,4.71232876712329,1.99938176949764,1.92454974352901,4.59372528000651,11.5383052499016,10.01001001001,27.7277277277277
"% cover","Ref01","p95","ASCI_S",20.02002002002,0.674311297634282,379,121,56,20,26,8,189,53,3.56043956043956,4.41780821917808,2.2986094216243,2.04565116292083,5.51495601831524,9.5407417526508,10.2102102102102,27.7277277277277
"% cover","Ref01","p95","CSCI",14.5145145145145,0.63,371,122,90,26,58,22,247,80,1.97534022306354,1.60548885077187,1.46660966299457,0.963725125333445,2.66053681174141,2.67461580298733,4.8048048048048,21.8218218218218
"% cover","BCG3","p50","ASCI_D",67.0670670670671,0.95,302,90,22,10,322,101,4,1,1.63975155279503,1.71917191719172,1.36854486301791,1.36532546117695,1.96470369920093,2.16472347795586,50.7507507507508,Inf
"% cover","BCG3","p50","ASCI_H",88.6886886886887,0.97,322,99,7,4,320,99,1,0,1.75546875,2,1.33557479189962,1.73935185425316,2.3073739867787,2.2997072100271,62.962962962963,Inf
"% cover","BCG3","p50","ASCI_S",66.7667667667668,0.86,428,135,18,8,194,56,10,3,2.06111929307806,2.48051948051948,1.52695745279121,1.62223902320397,2.78214218250355,3.7928916794791,55.2552552552553,86.2862862862863
"% cover","BCG3","p50","CSCI",56.2562562562563,0.825,452,155,47,11,249,76,18,8,2.03565029348162,1.75969529085873,1.69926238721617,1.14900523404712,2.43862993056684,2.69496380426705,47.3473473473474,70.2702702702703
"% cover","BCG3","p80","ASCI_D",25.3253253253253,0.95,234,70,135,43,209,68,72,21,1.3823590597046,1.36351102941176,1.20160904548211,1.07111229828696,1.59029808999205,1.73573053945969,16.5165165165165,37.2372372372372
"% cover","BCG3","p80","ASCI_H",33.7337337337337,0.97,266,79,103,36,224,67,57,20,1.408203125,1.40085287846482,1.2115229850419,1.07626358031395,1.63681256215802,1.8233347508895,22.2222222222222,56.4564564564565
"% cover","BCG3","p80","ASCI_S",29.6296296296296,0.86,346,113,92,33,120,31,92,25,1.94166666666667,2.64293659621802,1.57158956440407,1.79856205505279,2.39888933461709,3.88372134951078,23.1231231231231,37.5375375375375
"% cover","BCG3","p80","CSCI",23.9239239239239,0.825,358,125,141,38,155,49,112,38,1.84452377916614,1.77551020408163,1.5539076924555,1.27957692135572,2.18949168501317,2.46365531621028,18.4184184184184,29.9299299299299
"% cover","BCG3","p90","ASCI_D",12.6126126126126,0.95,179,55,182,57,162,54,127,36,1.23980182987734,1.23715651135006,1.07197634779598,0.963900145587775,1.43390157863795,1.58787841311356,1.3013013013013,21.5215215215215
"% cover","BCG3","p90","ASCI_H",16.8168168168168,0.97,199,63,151,49,176,54,124,36,1.16993801652893,1.24901960784314,1.00501169639235,0.955312828414932,1.36192938592954,1.63302526080915,2.5025025025025,29.5295295295295
"% cover","BCG3","p90","ASCI_S",16.016016016016,0.86,285,94,122,41,90,23,153,44,1.84848484848485,2.4537084398977,1.47798936169073,1.59858536126726,2.31185441765923,3.76625812665542,8.30830830830831,22.5225225225225
"% cover","BCG3","p90","CSCI",12.6126126126126,0.825,287,103,177,48,119,39,183,60,1.67745098039216,1.61823361823362,1.39537938528839,1.15050384682415,2.01654246958584,2.2761158516854,6.00600600600601,18.1181181181181
"% cover","BCG3","p95","ASCI_D",6.30630630630631,0.95,128,39,208,68,136,43,178,52,1.04602255409936,1.08062015503876,0.901085165234424,0.833691631463894,1.21427277453835,1.4006856677037,-Inf,15.2152152152152
"% cover","BCG3","p95","ASCI_H",8.40840840840841,0.97,154,46,182,60,145,43,169,53,1.06922094508301,1.0989915620498,0.916231662524394,0.833316665059636,1.24775586368014,1.4493679343017,-Inf,19.8198198198198
"% cover","BCG3","p95","ASCI_S",8.40840840840841,0.86,229,73,142,48,70,16,209,65,1.72804232804233,2.36283185840708,1.35755355195849,1.44155519089444,2.19964087840069,3.87288286037762,-Inf,15.2152152152152
"% cover","BCG3","p95","CSCI",6.50650650650651,0.825,221,82,206,58,90,29,249,81,1.56449328449328,1.59712230215827,1.27902091801047,1.10303814074373,1.91368194433592,2.3125217105652,-Inf,12.3123123123123
"% cover","BCG4","p50","ASCI_D",Inf,0.54,618,189,0,0,32,13,0,0,NA,NA,NA,NA,NA,NA,93.1931931931932,Inf
"% cover","BCG4","p50","ASCI_H",96.7967967967968,0.67,580,180,1,0,68,20,1,2,4.76470588235294,0,1.16897467972514,NA,19.4207988753587,NA,80.4804804804805,Inf
"% cover","BCG4","p50","ASCI_S",Inf,0.36,643,198,0,0,7,4,0,0,NA,NA,NA,NA,NA,NA,96.5965965965966,Inf
"% cover","BCG4","p50","CSCI",91.8918918918919,0.625,619,203,3,3,142,44,2,0,3.21549295774648,5.61363636363636,1.54745841922173,4.29217273527296,6.68153330188817,7.34194897706894,74.8748748748749,Inf
"% cover","BCG4","p80","ASCI_D",77.977977977978,0.54,604,183,1,0,31,13,14,6,1.36559139784946,0,0.199035467331768,NA,9.36938471760909,NA,64.0640640640641,Inf
"% cover","BCG4","p80","ASCI_H",57.7577577577578,0.67,538,170,16,5,53,15,43,12,3.02398464982411,3.62745098039216,1.85024564439279,1.49853967351608,4.94230762822461,8.78081564852665,48.5485485485486,71.8718718718719
"% cover","BCG4","p80","ASCI_S",96.7967967967968,0.36,642,196,1,0,6,4,1,2,54,0,10.9058837064444,NA,267.378607592972,NA,79.2792792792793,Inf
"% cover","BCG4","p80","CSCI",46.5465465465466,0.625,566,176,41,10,104,37,55,27,2.75140224358974,1.55588020452885,2.05561342227022,0.848535540426495,3.68270328653046,2.8528719134475,38.038038038038,59.3593593593594
"% cover","BCG4","p90","ASCI_D",57.1571571571572,0.54,565,175,6,3,26,10,53,14,2.3116036505867,3.26470588235294,0.990937381073388,0.989510882851831,5.39238052723134,10.7712857766172,46.4464464464465,73.5735735735736
"% cover","BCG4","p90","ASCI_H",38.1381381381381,0.67,484,150,38,13,31,7,97,32,4.67622461170848,6.47936507936508,3.02619495356966,2.7442198439949,7.22593122870489,15.2983996247837,30.03003003003,47.2472472472473
"% cover","BCG4","p90","ASCI_S",82.8828828828829,0.36,634,194,1,0,6,4,9,4,10.6666666666667,0,1.40889666583994,NA,80.7566520217058,NA,68.0680680680681,Inf
"% cover","BCG4","p90","CSCI",27.1271271271271,0.625,465,155,69,20,76,27,156,48,2.18298245614035,1.98257080610022,1.63897309193095,1.19324042627316,2.90755987836397,3.29404444792172,19.2192192192192,35.2352352352352
"% cover","BCG4","p95","ASCI_D",39.9399399399399,0.54,511,155,22,9,10,4,107,34,8.88527131782946,8.31976744186047,4.31292393730373,2.68383964773918,18.3049939064768,25.790859131599,28.7287287287287,51.2512512512513
"% cover","BCG4","p95","ASCI_H",23.7237237237237,0.67,409,128,46,15,23,5,172,54,3.96330275229358,5.78260869565217,2.46800373038397,2.18801934159203,6.36456441007649,15.282572092211,13.7137137137137,31.8318318318318
"% cover","BCG4","p95","ASCI_S",70.1701701701702,0.36,621,190,2,0,5,4,22,8,10.4333333333333,0,2.12855346120569,NA,51.1401035625317,NA,55.6556556556557,92.3923923923924
"% cover","BCG4","p95","CSCI",15.1151151151151,0.625,376,126,86,25,59,22,245,77,1.91561267858057,1.64884135472371,1.42040564169451,0.984714557682805,2.58346758603473,2.76087907082902,5.00500500500501,22.7227227227227
